dataset,threshold,sensitivity_A,sensitivity_B,sensitivity_gap,specificity_A,specificity_B,specificity_gap,fnr_A,fnr_B,fnr_gap,fpr_A,fpr_B,fpr_gap,ppv_A,ppv_B,ppv_gap,npv_A,npv_B,npv_gap,predicted_positive_rate_A,predicted_positive_rate_B,predicted_positive_rate_gap,disparate_impact_ratio
CDC Diabetes (BRFSS 2015),0.01,0.9952279957582184,0.9946329913180741,0.0005950044401442645,0.13658641290738024,0.16203882958128216,-0.025452416673901912,0.004772004241781591,0.0053670086819258556,-0.0005950044401442645,0.8634135870926197,0.8379611704187179,0.025452416673901856,0.18917556944164482,0.1721584699453552,0.017017099496289628,0.9929778933680105,0.9942304428983539,-0.001252549530343483,0.8856029276129839,0.8613183347845528,0.024284592828431095,1.0281946776791946
CDC Diabetes (BRFSS 2015),0.02,0.986744432661718,0.98689818468824,-0.0001537520265220138,0.2241262118556148,0.25396869295868135,-0.02984248110306656,0.013255567338282037,0.013101815311760023,0.0001537520265220138,0.7758737881443852,0.7460313070413187,0.02984248110306653,0.20472296578783322,0.18816023113732808,0.016562734650505145,0.9881703470031545,0.9910425210446795,-0.0028721740415249553,0.8113712772604207,0.7819405549149272,0.029430722345493487,1.0376380559372516
CDC Diabetes (BRFSS 2015),0.03,0.9768469423824673,0.9750591949486977,0.0017877474337695265,0.30783815690623545,0.33699319652635656,-0.029155039620121115,0.023153057617532724,0.02494080505130225,-0.0017877474337695265,0.6921618430937646,0.6630068034736434,0.029155039620121226,0.22219095477386935,0.20487562189054725,0.0173153328833221,0.9850045787545788,0.9871992222312241,-0.0021946434766453304,0.7400850911903841,0.709528628244652,0.03055646294573211,1.043065863348358
CDC Diabetes (BRFSS 2015),0.04,0.9642983386355602,0.9632202052091555,0.001078133426404726,0.3578864522591493,0.3892084739200177,-0.03132202166086839,0.03570166136443975,0.03677979479084448,-0.001078133426404726,0.6421135477408507,0.6107915260799823,0.03132202166086839,0.23311258278145697,0.2164827757476851,0.01662980703377187,0.9802077209484616,0.98371312735915,-0.0035054064106883054,0.6963494094195353,0.6633327842232838,0.03301662519625148,1.049773848031515
CDC Diabetes (BRFSS 2015),0.05,0.9544008483563097,0.9548539857932123,-0.00045313743690267305,0.3983114513647909,0.4296697826207202,-0.031358331255929295,0.04559915164369033,0.045146014206787655,0.00045313743690267305,0.601688548635209,0.5703302173792798,0.03135833125592924,0.24303524010981592,0.22680064489520452,0.016234595214611403,0.9773525280898876,0.9819239034256099,-0.004571375335722272,0.6610633423581566,0.6276563198644483,0.033407022493708305,1.0532250236895935
CDC Diabetes (BRFSS 2015),0.06,0.943089430894309,0.9441199684293607,-0.0010305375350517787,0.435373662934211,0.4680015487582278,-0.03262788582401682,0.05691056910569103,0.055880031570639255,0.0010305375350517787,0.564626337065789,0.5319984512417721,0.03262788582401688,0.2526634783843932,0.2371812666058611,0.015482211778532068,0.9742235030419468,0.9795091456355638,-0.005285642593616968,0.6283359614411949,0.5934389193514226,0.03489704208977229,1.0588047749343972
CDC Diabetes (BRFSS 2015),0.07,0.9280664545775893,0.9322809786898185,-0.004214524112229223,0.471434193109863,0.5038442391725206,-0.03241004606265763,0.0719335454224107,0.06771902131018148,0.004214524112229223,0.528565806890137,0.49615576082747936,0.03241004606265763,0.26220912813342656,0.24767256562945567,0.014536562503970896,0.9700404858299595,0.9769936182763983,-0.006953132446438803,0.5958168456755228,0.5611747817287553,0.0346420639467675,1.0617313269852382
CDC Diabetes (BRFSS 2015),0.08,0.9059738423471191,0.9152328334648777,-0.00925899111775863,0.5152219797517261,0.5462691520548703,-0.031047172303144133,0.09402615765288092,0.08476716653512228,0.00925899111775863,0.4847780202482739,0.45373084794512974,0.031047172303144133,0.27445521229319486,0.2611241217798595,0.013331090513335364,0.9643765903307888,0.9735324560106462,-0.009155865679857378,0.5556811758055399,0.5225331231026287,0.03314805270291121,1.0634372276844175
CDC Diabetes (BRFSS 2015),0.09,0.8934252386002121,0.9043409629044988,-0.010915724304286778,0.5399420455765034,0.5684772387853311,-0.02853519320882769,0.10657476139978794,0.09565903709550116,0.010915724304286778,0.4600579544234966,0.4315227612146689,0.02853519320882769,0.2821657828635222,0.2685636602287643,0.013602122634757852,0.9615825688073395,0.9713624119843107,-0.009779843176971226,0.5330100264794264,0.5020120961099476,0.030997930369478843,1.0617473774231325
CDC Diabetes (BRFSS 2015),0.1,0.8776952986921174,0.8928176795580111,-0.015122380865893681,0.5663435051693915,0.5933679960174788,-0.027024490848087335,0.12230470130788262,0.10718232044198894,0.015122380865893681,0.43365649483060853,0.4066320039825212,0.027024490848087335,0.29061329588014984,0.2778132521243676,0.012800043755782253,0.9581189856563578,0.9693232131562303,-0.011204227499872488,0.5084049864627652,0.4791142070458664,0.029290779416898838,1.0611352762789077
CDC Diabetes (BRFSS 2015),0.11,0.8609049133969601,0.8805051302288871,-0.01960021683192703,0.5889886595356492,0.6136954477570662,-0.02470678822141703,0.13909508660303993,0.1194948697711129,0.01960021683192703,0.41101134046435084,0.3863045522429338,0.02470678822141703,0.2977383863080685,0.28537808247211705,0.012360303835951436,0.954379456263405,0.9670109382490086,-0.012631481985603599,0.48674541072863053,0.4599816440354882,0.026763766693142343,1.0581844233138082
CDC Diabetes (BRFSS 2015),0.12,0.8451749734888653,0.869455406471981,-0.024280432983115774,0.6114191678889564,0.6345483710382211,-0.0231292031492647,0.15482502651113472,0.13054459352801895,0.024280432983115774,0.38858083211104355,0.36545162896177885,0.0231292031492647,0.30567629762209153,0.29419933767759854,0.011476959944492993,0.9512439472366004,0.965209709309663,-0.013965762073062549,0.4654428609681354,0.4405902148589179,0.024852646109217502,1.0564076215745635
CDC Diabetes (BRFSS 2015),0.13,0.8315659243548957,0.8552486187845304,-0.023682694429634665,0.6307015347189926,0.6518059627191769,-0.021104428000184305,0.16843407564510426,0.1447513812154696,0.023682694429634665,0.3692984652810074,0.3481940372808231,0.021104428000184305,0.31308224647324995,0.3008662816525988,0.012215964820651126,0.9487165689070656,0.9625484990810701,-0.013831930174004525,0.44711552765463686,0.4237874473442685,0.02332808031036837,1.0550466524116218
CDC Diabetes (BRFSS 2015),0.14,0.8154825026511134,0.842620363062352,-0.027137860411238557,0.6489106714842772,0.6674871397754301,-0.018576468291152892,0.18451749734888656,0.157379636937648,0.027137860411238557,0.35108932851572283,0.33251286022456994,0.018576468291152892,0.3197948433601331,0.307470767812914,0.012324075547219093,0.9455768128030027,0.9603294604488302,-0.01475264764582751,0.42926422897265776,0.4085614101146071,0.020702818858050642,1.0506724774918004
CDC Diabetes (BRFSS 2015),0.15,0.795157299399081,0.8293606945540647,-0.03420339515498372,0.6677637462884127,0.6861828640964656,-0.01841911780805283,0.20484270060091903,0.1706393054459353,0.03420339515498372,0.33223625371158727,0.31381713590353444,0.01841911780805283,0.32634556796750325,0.3164869586169508,0.009858609350552439,0.9415384615384615,0.9582496524022864,-0.016711190863824887,0.4101633393829401,0.390676111359518,0.019487228023422065,1.049880777085674
CDC Diabetes (BRFSS 2015),0.16,0.7743018734535172,0.8088397790055248,-0.03453790555200764,0.6914463563839301,0.7092206427346646,-0.017774286350734414,0.2256981265464828,0.19116022099447516,0.03453790555200764,0.30855364361606985,0.29077935726533544,0.017774286350734414,0.3368445332923266,0.3276633840644584,0.009181149227868224,0.9380247512739627,0.9549059765406814,-0.016881225266718758,0.3869566510963673,0.3680135551737933,0.018943095922573983,1.0514739081108797
CDC Diabetes (BRFSS 2015),0.17,0.7495581477553906,0.7876874506708761,-0.03812930291548544,0.7162379708796909,0.7317882626251452,-0.015550291745454303,0.25044185224460935,0.2123125493291239,0.03812930291548544,0.2837620291203091,0.2682117373748548,0.015550291745454303,0.34839398669185906,0.33973311546840956,0.008660871223449496,0.9339024162701745,0.9516274051429598,-0.017724988872785397,0.3621730980928863,0.345656931729932,0.016516166362954277,1.047781961959492
CDC Diabetes (BRFSS 2015),0.18,0.7308236125839519,0.7696921862667719,-0.03886857368282004,0.7344471076449754,0.7483267879860612,-0.013879680341085776,0.2691763874160481,0.23030781373322806,0.03886857368282004,0.26555289235502455,0.2516732120139388,0.013879680341085776,0.3577608582799792,0.34888380080137377,0.008877057478605455,0.9309391012560649,0.9488375355051373,-0.017898434249072337,0.34387551694385765,0.3289012307909538,0.01497428615290386,1.0455282156193004
CDC Diabetes (BRFSS 2015),0.19,0.7106751502297631,0.7531176006314128,-0.04244245040164962,0.7488999391836296,0.7610487305713811,-0.01214879138775149,0.28932484977023687,0.24688239936858725,0.04244245040164962,0.2511000608163704,0.23895126942861888,0.01214879138775149,0.3642210144927536,0.35575274028782344,0.008468274204930182,0.9274733064551859,0.9462210301904959,-0.018747723735309973,0.3284638957484157,0.3156049231638152,0.012858972584600503,1.0407438909878033
CDC Diabetes (BRFSS 2015),0.2,0.6889360197949805,0.736069455406472,-0.047133435611491414,0.7649268414839194,0.7741578627136456,-0.009231021229726188,0.31106398020501946,0.26393054459352805,0.047133435611491414,0.23507315851608057,0.22584213728635438,0.009231021229726188,0.37233737701786224,0.3634733806220282,0.008863996395834017,0.9239478005358223,0.9436353829557713,-0.019687582419949057,0.3114754098360656,0.3019085496434707,0.009566860192594895,1.031687940616099
CDC Diabetes (BRFSS 2015),0.21,0.6705549664192294,0.7171270718232045,-0.04657210540397505,0.7785568633062641,0.7877371536036285,-0.009180290297364446,0.3294450335807706,0.28287292817679555,0.04657210540397505,0.22144313669373594,0.2122628463963715,0.009180290297364446,0.38000801282051283,0.37182844982812246,0.008179562992390366,0.9211072078554197,0.9408092485549133,-0.01970204069949366,0.29704561006813246,0.2875297107758925,0.009515899292239949,1.0330953600118802
CDC Diabetes (BRFSS 2015),0.22,0.6521739130434783,0.6981846882399368,-0.046010775196458575,0.7932601151933603,0.8001272194258532,-0.0068671042324929266,0.34782608695652173,0.30181531176006315,0.046010775196458575,0.20673988480663974,0.1998727805741468,0.0068671042324929266,0.38969268138134966,0.37965665236051505,0.010036029020834614,0.9184823129815259,0.9380086243231852,-0.019526311341659275,0.2817232453661004,0.274162803285247,0.00756044208085338,1.0275764691280431
CDC Diabetes (BRFSS 2015),0.23,0.6265464828561329,0.6752959747434886,-0.04874949188735567,0.8102529245519264,0.8151999557497649,-0.0049470311978384585,0.3734535171438671,0.32470402525651143,0.04874949188735567,0.18974707544807357,0.1848000442502351,0.0049470311978384585,0.400610238445022,0.3903284671532847,0.010281771291737352,0.9146676358937081,0.9347667522912504,-0.02009911639754225,0.263276903394722,0.25792483467865296,0.005352068716069025,1.0207504978058322
CDC Diabetes (BRFSS 2015),0.24,0.599858607281725,0.6554064719810576,-0.055547864699332594,0.8243480127356634,0.828198462304331,-0.0038504495686676465,0.400141392718275,0.3445935280189424,0.055547864699332594,0.17565198726433662,0.17180153769566897,0.0038504495686676465,0.4087186897880539,0.40061752219220376,0.008101167595850167,0.9105385861619315,0.932055152665816,-0.02151656650388445,0.24706197375859093,0.2438989951286094,0.003162978629981522,1.0129683954963147
CDC Diabetes (BRFSS 2015),0.25,0.5858960763520679,0.6382004735595895,-0.05230439720752167,0.8345436983508031,0.8364124121909398,-0.0018687138401366488,0.41410392364793214,0.36179952644041047,0.05230439720752167,0.1654563016491969,0.16358758780906024,0.0018687138401366488,0.41750629722921917,0.40600522193211486,0.011501075297104313,0.9087296949865608,0.9295527893038267,-0.020823094317265922,0.23623218589152362,0.23434448026733815,0.0018877056241854706,1.0080552595991679
CDC Diabetes (BRFSS 2015),0.26,0.572463768115942,0.6249408050513023,-0.05247703693536032,0.8420205344685723,0.8435201062005642,-0.0014995717319918889,0.427536231884058,0.37505919494869766,0.05247703693536032,0.15797946553142772,0.15647989379943583,0.0014995717319918889,0.42312214239059437,0.4116668399708849,0.01145530241970949,0.9068038218523655,0.9277284341160725,-0.02092461226370701,0.22775281901758354,0.2263196291153837,0.001433189902199844,1.0063325921299966
CDC Diabetes (BRFSS 2015),0.27,0.55920820077766,0.6138910812943962,-0.0546828805167362,0.8483168175151147,0.8495492007301289,-0.0012323832150141767,0.44079179922234,0.3861089187056038,0.0546828805167362,0.15168318248488533,0.15045079926987115,0.0012323832150141767,0.4273365748244192,0.41687211919819916,0.01046445562622006,0.904834586179265,0.9262453262573875,-0.021410740078122492,0.22028502573562225,0.21954204221871837,0.0007429835169038834,1.0033842425322967
CDC Diabetes (BRFSS 2015),0.28,0.5461293743372216,0.6018942383583268,-0.05576486402110514,0.8542553572067398,0.8554400132750706,-0.0011846560683307361,0.45387062566277836,0.3981057616416732,0.05576486402110514,0.14574464279326016,0.14455998672492942,0.0011846560683307361,0.43132328308207707,0.42179203539823007,0.009531247683847,0.9029001399024464,0.9246106477744895,-0.021710507872043094,0.21314450626283063,0.2127409220342174,0.00040358422861322407,1.0018970690958475
CDC Diabetes (BRFSS 2015),0.29,0.531106398020502,0.588318863456985,-0.05721246543648306,0.8617679676600007,0.8614967642015599,0.000271203458440894,0.46889360197949803,0.41168113654301497,0.05721246543648306,0.13823203233999926,0.13850323579844015,-0.000271203458440894,0.4374727034502839,0.42667429879793933,0.010798404652344551,0.9007927604517239,0.922744238402749,-0.021951477951025145,0.20436761774419088,0.20556326924434612,-0.0011956515001552426,0.994183535295238
CDC Diabetes (BRFSS 2015),0.3,0.5111346765641569,0.571112865035517,-0.05997818847136005,0.8706400028619469,0.8698766524697162,0.0007633503922306328,0.4888653234358431,0.42888713496448305,0.05997818847136005,0.12935999713805313,0.13012334753028376,-0.0007633503922306328,0.44437615242778117,0.4346990267932236,0.009677125634557582,0.8979448769508911,0.9204858062628036,-0.02254092931191254,0.19362708637053347,0.195867554656061,-0.0022404682855275415,0.9885613097612733
CDC Diabetes (BRFSS 2015),0.31,0.48798161894662423,0.5463299131807419,-0.05834829423411764,0.8819446928773298,0.8810221804303335,0.0009225124469962598,0.5120183810533758,0.45367008681925813,0.05834829423411769,0.1180553071226702,0.11897781956966647,-0.0009225124469962598,0.455535390199637,0.44583279659925285,0.009702593600384168,0.8948457350272232,0.9172473365966024,-0.022401601569379204,0.18032786885245902,0.18268891346810062,-0.0023610446156416,0.9870761472558987
CDC Diabetes (BRFSS 2015),0.32,0.4627076705549664,0.5243883188634569,-0.061680648308490515,0.8932851572282045,0.890674262957022,0.00261089427118244,0.5372923294450336,0.47561168113654306,0.061680648308490515,0.10671484277179555,0.10932573704297799,-0.00261089427118244,0.4674165327620068,0.4566323024054983,0.010784230356508495,0.8914673330953231,0.9144471577034471,-0.022979824608123978,0.16664187319627502,0.1712046690043066,-0.004562795808031567,0.9733488821621051
CDC Diabetes (BRFSS 2015),0.33,0.4414987628137151,0.5035516969218626,-0.06205293410814755,0.9005115729975316,0.8982797721112893,0.0022318008862423078,0.558501237186285,0.49644830307813737,0.062052934108147606,0.0994884270024684,0.10172022788871071,-0.0022318008862423078,0.47319568100018944,0.4644729178800233,0.008722763120166122,0.8884653395453904,0.911719298245614,-0.02325395870022362,0.15706167623694625,0.1616266208551997,-0.004564944618253436,0.9717562330134766
CDC Diabetes (BRFSS 2015),0.34,0.4232944503358077,0.48745067087608523,-0.06415622054027753,0.906557435695632,0.9053598097239891,0.0011976259716428572,0.5767055496641923,0.5125493291239147,0.06415622054027759,0.09344256430436804,0.0946401902760109,-0.0011976259716428572,0.47833033752746157,0.47434715821812595,0.003983179309335616,0.8859250454481891,0.9097629436122614,-0.023837898164072335,0.1489690875011157,0.1532017038100393,-0.0042326163089236035,0.9723722634692641
CDC Diabetes (BRFSS 2015),0.35,0.4065040650406504,0.46992896606156276,-0.06342490102091236,0.9129252674131578,0.9105868687427402,0.0023383986704176296,0.5934959349593496,0.5300710339384372,0.06342490102091236,0.08707473258684217,0.0894131312572598,-0.0023383986704176296,0.48584706379383186,0.4793880837359098,0.006458980057922059,0.8837136821692004,0.907449769864675,-0.023736087695474528,0.1408467466008152,0.14614171745934623,-0.005294970858531034,0.9637682452992659
CDC Diabetes (BRFSS 2015),0.36,0.38335100742311773,0.44435674822415155,-0.061005740801033825,0.9219403999570708,0.9177498755462138,0.004190524410856988,0.6166489925768823,0.5556432517758485,0.061005740801033825,0.07805960004292922,0.08225012445378621,-0.004190524410856988,0.49850609055389566,0.48626705821385385,0.012239032340041811,0.8807587149692413,0.9040976460331299,-0.023338931063888624,0.12945166760881854,0.1362342032805403,-0.006782535671721768,0.950214149542499
CDC Diabetes (BRFSS 2015),0.37,0.3653234358430541,0.42951854775059195,-0.06419511190753785,0.9280935856616463,0.9239449084573261,0.004148677204320217,0.6346765641569458,0.570481452249408,0.0641951119075378,0.07190641433835365,0.07605509154267387,-0.004148677204320217,0.506990434142752,0.4973496618534089,0.009640772289343125,0.8784113225435092,0.9023823672410999,-0.023971044697590704,0.12129957454404808,0.1287506177488057,-0.007451043204757618,0.9421280974410957
CDC Diabetes (BRFSS 2015),0.38,0.3469423824673029,0.41168113654301497,-0.06473875407571206,0.9332450899724538,0.9298080646053433,0.0034370253671105466,0.6530576175326971,0.588318863456985,0.06473875407571206,0.06675491002754619,0.07019193539465673,-0.0034370253671105466,0.5126664925568033,0.5068013991449669,0.005865093411836386,0.8759317708683098,0.900206174525397,-0.024274403657087218,0.11392103775549671,0.12110229920222154,-0.007181261446724832,0.9407008661765103
CDC Diabetes (BRFSS 2015),0.39,0.33351007423117707,0.39652722967640097,-0.0630171554452239,0.9374306872249848,0.934067149731733,0.0033635374932518003,0.6664899257688229,0.603472770323599,0.0630171554452239,0.0625693127750152,0.06593285026826701,-0.0033635374932518003,0.518976897689769,0.5130718954248366,0.005905002264932402,0.8741951626355297,0.8983163550283267,-0.024121192392797086,0.10817887001279343,0.11521897724331066,-0.007040107230517234,0.9388980235812155
CDC Diabetes (BRFSS 2015),0.4,0.3213149522799576,0.38326756116811367,-0.06195260888815607,0.9412227667871069,0.9377177941257813,0.003504972661325656,0.6786850477200423,0.6167324388318863,0.06195260888815601,0.058777233212893076,0.06228220587421873,-0.003504972661325656,0.5252817104882982,0.5188034188034188,0.006478291684879345,0.872636815920398,0.8966757464364108,-0.024038930516012802,0.10297224123054952,0.11013578707081166,-0.007163545840262145,0.934957146711483
CDC Diabetes (BRFSS 2015),0.41,0.3052315305761753,0.3696921862667719,-0.06446065569059661,0.9450506206847208,0.9413684385198297,0.0036821821648911346,0.6947684694238248,0.6303078137332281,0.06446065569059667,0.05494937931527921,0.05863156148017035,-0.0036821821648911346,0.5292675452038001,0.5248767368892873,0.004390808314512884,0.8704692236720707,0.8950067050564013,-0.02453748138433065,0.09708131266549641,0.10500553032264137,-0.00792421765714496,0.9245352351176466
CDC Diabetes (BRFSS 2015),0.42,0.2916224814422057,0.35659037095501184,-0.06496788951280613,0.9489142489178264,0.9453786160738978,0.003535632843928549,0.7083775185577943,0.6434096290449882,0.06496788951280608,0.051085751082173614,0.05462138392610216,-0.003535632843928549,0.5360623781676414,0.5335380255077941,0.0025243526598472954,0.8687321913994694,0.8934629760317834,-0.02473078463231393,0.09157716223855286,0.09963994069611465,-0.008062778457561787,0.919080858526884
CDC Diabetes (BRFSS 2015),0.43,0.27553905973842346,0.34380426203630626,-0.0682652022978828,0.9519192930991307,0.9491122296587201,0.0028070634404105954,0.7244609402615765,0.6561957379636938,0.06826520229788269,0.0480807069008693,0.05088777034127989,-0.0028070634404105954,0.537030657940062,0.5420607267297163,-0.005030068789654285,0.8665168685684512,0.8919558154645874,-0.025438946896136128,0.08637053345630895,0.09455675052361566,-0.008186217067306711,0.9134253554402528
CDC Diabetes (BRFSS 2015),0.44,0.2582184517497349,0.32423046566692976,-0.06601201391719486,0.9566057310485457,0.9535649095635821,0.0030408214849636517,0.7417815482502651,0.6757695343330703,0.0660120139171948,0.04339426895145426,0.046435090436417914,-0.0030408214849636517,0.5463724756918474,0.5502276989016877,-0.0038552232098402195,0.8643372014093157,0.8895510835913313,-0.02521388218201559,0.07955728779268692,0.08784976349045726,-0.008292475697770335,0.9056061693476145
CDC Diabetes (BRFSS 2015),0.45,0.2431954754330152,0.3060773480662983,-0.06288187263328313,0.9602189389332093,0.9567453952099121,0.0034735437232972233,0.7568045245669848,0.6939226519337016,0.06288187263328315,0.03978106106679069,0.043254604790087914,-0.0034735437232972233,0.5530546623794212,0.5535255495289751,-0.0004708871495539002,0.8624168621276869,0.8872531418312388,-0.024836279703551956,0.0740233852012734,0.08243710728825925,-0.008413722086985848,0.897937684087271
CDC Diabetes (BRFSS 2015),0.46,0.2200424178154825,0.285240726124704,-0.06519830830922152,0.964440310521232,0.9604513523978097,0.00398895812342237,0.7799575821845175,0.7147592738752959,0.06519830830922158,0.035559689478767975,0.039548647602190345,-0.00398895812342237,0.5560518088432336,0.5582329317269076,-0.0021811228836740026,0.8593331633303583,0.8846545750968005,-0.025321411766442203,0.06661509624825206,0.07617725272397807,-0.009562156475726016,0.8744749103728682
CDC Diabetes (BRFSS 2015),0.47,0.20007069635913752,0.26361483820047354,-0.06354414184133603,0.9685543591027796,0.9650976270811439,0.0034567320216357666,0.7999293036408625,0.7363851617995265,0.06354414184133594,0.03144564089722035,0.03490237291885612,-0.0034567320216357666,0.5629040278468423,0.5695770804911323,-0.006673052644289967,0.8567721518987341,0.8820808371881398,-0.025308685289405664,0.059831602749099995,0.0689995999341068,-0.009167997185006806,0.8671297051901452
CDC Diabetes (BRFSS 2015),0.48,0.1800989749027925,0.23835832675611682,-0.058259351853324315,0.9736343147426036,0.9691078046352122,0.004526510107391468,0.8199010250972075,0.7616416732438832,0.058259351853324315,0.026365685257396354,0.030892195364787822,-0.004526510107391468,0.5802961275626424,0.574800152264941,0.005495975297701405,0.854371370271543,0.8789695479857522,-0.024598177714209246,0.052244800809258876,0.06182194714423552,-0.009577146334976645,0.8450850098164588
CDC Diabetes (BRFSS 2015),0.49,0.16489925768822905,0.2202052091554854,-0.05530595146725634,0.97688977927235,0.9731179821892804,0.003771797083069628,0.8351007423117709,0.7797947908445146,0.055305951467256254,0.02311022072765001,0.02688201781071964,-0.003771797083069628,0.590880303989867,0.5893536121673004,0.0015266918225665949,0.8524912587412588,0.8768878034192295,-0.0243965446779707,0.04697866769807504,0.05570329230696821,-0.008724624608893172,0.8433732684809051
CDC Diabetes (BRFSS 2015),0.5,0.15075998586072817,0.20662983425414364,-0.05586984839341547,0.97917933674382,0.9754411195309475,0.0037382172128724855,0.8492400141392719,0.7933701657458564,0.05586984839341547,0.02082066325618004,0.024558880469052524,-0.0037382172128724855,0.5944250871080139,0.5958124715521165,-0.0013873844441025796,0.8506650919940328,0.8752729799483819,-0.024607887954349095,0.042694356014400046,0.05170263337490881,-0.009008277360508764,0.8257675330541198
CDC Diabetes (BRFSS 2015),0.51,0.139802050194415,0.19352801894238358,-0.05372596874796859,0.9809322791829141,0.9775706620941423,0.0033616170887718066,0.860197949805585,0.8064719810576164,0.05372596874796853,0.019067720817085854,0.02242933790585766,-0.0033616170887718066,0.5974320241691843,0.6018654884634266,-0.004433464294242295,0.8492582153808034,0.8737146529562982,-0.02445643757549487,0.03939186575823391,0.047937307321205845,-0.008545441562971934,0.8217371387651613
CDC Diabetes (BRFSS 2015),0.52,0.1283138918345705,0.17963693764798738,-0.05132304581341687,0.9825063499445498,0.9797831738481111,0.002723176096438684,0.8716861081654295,0.8203630623520126,0.051323045813416845,0.017493650055450227,0.02021682615188891,-0.002723176096438684,0.5975308641975309,0.6088817549491706,-0.011350890751639753,0.8477589825904432,0.8720706971248523,-0.024311714534409057,0.03614887983100771,0.04398371496481773,-0.007834835133810024,0.821869636521675
CDC Diabetes (BRFSS 2015),0.53,0.1184164015553199,0.16590370955011838,-0.04748730799479847,0.9841877437126605,0.981912716411306,0.0022750273013545375,0.88158359844468,0.8340962904498816,0.04748730799479839,0.01581225628733951,0.018087283588694048,-0.0022750273013545375,0.6025179856115108,0.6164222873900294,-0.013904301778518535,0.846518354410905,0.8704520937530646,-0.0239337393421597,0.03308440689060129,0.0401242557597722,-0.00703984886917091,0.8245487988283405
CDC Diabetes (BRFSS 2015),0.54,0.11010957935666313,0.1542225730071034,-0.044112993650440274,0.9859406861517548,0.9842635101498977,0.001677176001857128,0.8898904206433369,0.8457774269928966,0.0441129936504403,0.014059313848245214,0.015736489850102342,-0.001677176001857128,0.6131889763779528,0.6319534282018111,-0.01876445182385833,0.8455284552845529,0.8691479229247564,-0.023619467640203506,0.030228199101484634,0.03638246299390488,-0.0061542638924202454,0.830845319805554
CDC Diabetes (BRFSS 2015),0.55,0.09773771650759985,0.14159431728492503,-0.04385660077732517,0.9878367259328158,0.9862824271253942,0.001554298807421639,0.9022622834924001,0.858405682715075,0.043856600777325117,0.012163274067184204,0.013717572874605843,-0.001554298807421639,0.6192609182530795,0.6439339554917445,-0.024673037238664985,0.8439696802983068,0.8676885644768857,-0.023718884178578925,0.026568682871678916,0.03278186995505142,-0.006213187083372502,0.8104688020576111
CDC Diabetes (BRFSS 2015),0.56,0.09049133969600566,0.1329123914759274,-0.04242105177992174,0.9895181197009265,0.9878311853531722,0.0016869343477543541,0.9095086603039944,0.8670876085240726,0.042421051779921726,0.010481880299073487,0.012168814646827841,-0.0016869343477543541,0.6360248447204969,0.656786271450858,-0.020761426730361077,0.8431384502834848,0.8667103443255442,-0.023571894042059394,0.023950492398321976,0.03016967500529499,-0.006219182606973014,0.793859807708187
CDC Diabetes (BRFSS 2015),0.57,0.08501237186284906,0.12517758484609312,-0.04016521298324406,0.9904482524237113,0.9888268156424581,0.0016214367812531494,0.914987628137151,0.8748224151539069,0.04016521298324405,0.009551747576288738,0.011173184357541888,-0.0016214367812531494,0.643048128342246,0.6624895572263994,-0.019441428884153344,0.8424672123664911,0.8657981402557149,-0.02333092788922375,0.022254619023533963,0.02816934553926529,-0.005914726515731328,0.7900296793375344
CDC Diabetes (BRFSS 2015),0.58,0.07864969954047367,0.11570639305445936,-0.03705669351398569,0.9914499338174794,0.9898224459317441,0.0016274878857353015,0.9213503004595264,0.8842936069455406,0.03705669351398577,0.008550066182520633,0.010177554068255934,-0.0016274878857353015,0.6505847953216374,0.6657584014532243,-0.015173606131586914,0.8416800801773621,0.8646598376497874,-0.02297975747242531,0.02035048049745619,0.025910149907043514,-0.005559669409587322,0.785425038854138
CDC Diabetes (BRFSS 2015),0.59,0.07140332272887946,0.10560378847671666,-0.034200465747837194,0.9923442922047723,0.9911222965872006,0.0012219956175716362,0.9285966772711205,0.8943962115232833,0.034200465747837194,0.007655707795227729,0.008877703412799365,-0.0012219956175716362,0.6537216828478964,0.6757575757575758,-0.022035892909679333,0.8407540993544085,0.8634797484519191,-0.022725649097510625,0.018386837642438487,0.023297954957287082,-0.004911117314848595,0.7892039312526653
CDC Diabetes (BRFSS 2015),0.6,0.06680805938494168,0.09455406471981058,-0.0277460053348689,0.9934890709405073,0.9923115216549588,0.0011775492855484737,0.9331919406150583,0.9054459352801895,0.027746005334868817,0.006510929059492687,0.007688478345041161,-0.0011775492855484737,0.675,0.6830102622576967,-0.008010262257696632,0.8402468911681946,0.8621683967704729,-0.021921505602278235,0.016661212103180507,0.020638693431859364,-0.003977481328678856,0.807280371608266
CDC Diabetes (BRFSS 2015),0.61,0.05973842347119123,0.08271507498026835,-0.02297665150907712,0.9942045576503417,0.9932518391503955,0.0009527184999461591,0.9402615765288088,0.9172849250197317,0.02297665150907713,0.005795442349658342,0.006748160849604501,-0.0009527184999461591,0.676,0.6822916666666666,-0.006291666666666584,0.8393283198936909,0.8607309766327143,-0.021402656739023307,0.014876082234982595,0.018073565057774223,-0.003197482822791628,0.8230851073061398
CDC Diabetes (BRFSS 2015),0.62,0.053375751148815834,0.07087608524072612,-0.01750033409191029,0.9948484956891925,0.9943580950273798,0.0004904006618127177,0.9466242488511841,0.9291239147592739,0.017500334091910208,0.005151504310807464,0.005641904972620182,-0.0004904006618127177,0.6771300448430493,0.6875957120980092,-0.010465667254959898,0.8385044474596713,0.859321223709369,-0.020816776249697688,0.013269465353604475,0.015367236956675218,-0.0020977716030707427,0.8634906451312633
CDC Diabetes (BRFSS 2015),0.63,0.045068928950159064,0.06045777426992897,-0.015388845319769903,0.9957786284119773,0.9951324741412689,0.0006461542707083545,0.954931071049841,0.9395422257300711,0.015388845319769917,0.004221371588022715,0.00486752585873107,-0.0006461542707083545,0.6836461126005362,0.6851520572450805,-0.0015059446445443436,0.8374450929658824,0.8580626699098584,-0.020617576943975924,0.011097557347297015,0.013155107900124726,-0.0020575505528277107,0.8435930310531164
CDC Diabetes (BRFSS 2015),0.64,0.03782255213856486,0.05351223362273086,-0.015689681484165996,0.9964941151218116,0.9959621660490071,0.0005319490728045162,0.9621774478614351,0.9464877663772692,0.01568968148416594,0.00350588487818837,0.004037833950992886,-0.0005319490728045162,0.6858974358974359,0.6989690721649484,-0.01307163626751251,0.8365116069551638,0.8572652828032755,-0.02075367584811172,0.00928267531462914,0.011413644600287105,-0.002130969285657966,0.813296334318631
CDC Diabetes (BRFSS 2015),0.65,0.031813361611876985,0.0430939226519337,-0.011280561040056716,0.997460022180088,0.9970131091321423,0.0004469130479457517,0.968186638388123,0.9569060773480663,0.011280561040056702,0.0025399778199119982,0.00298689086785775,-0.0004469130479457517,0.7171314741035857,0.7165354330708661,0.0005960410327195964,0.8357913669064748,0.8560505319148937,-0.020259165008418845,0.007467793281961263,0.00896618266538018,-0.0014983893834189166,0.8328843567726508
CDC Diabetes (BRFSS 2015),0.66,0.02562743018734535,0.036148382004735594,-0.010520951817390243,0.997960862876972,0.9977598318491067,0.00020103102786539484,0.9743725698126546,0.9638516179952644,0.010520951817390212,0.0020391371230279454,0.00224016815089334,-0.00020103102786539484,0.7178217821782178,0.7387096774193549,-0.0208878952411371,0.834984584992068,0.855249745158002,-0.02026516016593405,0.006009937222932968,0.00729531922904949,-0.001285382006116522,0.8238072981099698
CDC Diabetes (BRFSS 2015),0.67,0.02209261223047013,0.032202052091554856,-0.010109439861084726,0.9983901549028726,0.9978981138337297,0.0004920410691429122,0.9779073877695299,0.9677979479084451,0.010109439861084812,0.0016098450971273603,0.0021018861662702726,-0.0004920410691429122,0.7352941176470589,0.7285714285714285,0.006722689075630339,0.8345444215184953,0.8547603818728827,-0.02021596035438744,0.005057867959894082,0.0065893205939801846,-0.0015314526340861022,0.7675856543563545
CDC Diabetes (BRFSS 2015),0.68,0.01891127606928243,0.02857142857142857,-0.009660152502146139,0.9987121239222981,0.9982576469937496,0.0004544769285484973,0.9810887239307176,0.9714285714285714,0.009660152502146135,0.001287876077701866,0.0017423530062503634,-0.0004544769285484973,0.7482517482517482,0.7418032786885246,0.006448469563223647,0.8341400741006334,0.8543397476863358,-0.020199673585702405,0.0042545595192050225,0.005742122231897019,-0.0014875627126919961,0.740938514957291
CDC Diabetes (BRFSS 2015),0.69,0.0167903852951573,0.02462509865824783,-0.00783471336309053,0.9988909955997567,0.9984512417722219,0.00043975382753480563,0.9832096147048427,0.9753749013417522,0.007834713363090495,0.0011090044002433075,0.0015487582277781131,-0.00043975382753480563,0.753968253968254,0.7358490566037735,0.01811919736448042,0.833865910109004,0.8538587072207374,-0.019992797111733407,0.0037487727232156137,0.0049890570211564254,-0.0012402842979408117,0.7513990534320806
CDC Diabetes (BRFSS 2015),0.7,0.016083421703782255,0.022099447513812154,-0.0060160258100298986,0.9990340929417236,0.9986171801537695,0.0004169127879540824,0.9839165782962177,0.9779005524861879,0.006016025810029801,0.0009659070582763718,0.0013828198462304542,-0.0004169127879540824,0.7711864406779662,0.7368421052631579,0.0343443354148083,0.8337861642731317,0.8535564853556485,-0.019770321082516862,0.0035107554074558923,0.004471324688772268,-0.0009605692813163757,0.7851712080474907
CDC Diabetes (BRFSS 2015),0.71,0.014492753623188406,0.01973164956590371,-0.005238895942715304,0.9992129646191822,0.9987554621383926,0.00045750248078957334,0.9855072463768116,0.9802683504340963,0.005238895942715316,0.0007870353808178132,0.0012445378616073866,-0.00045750248078957334,0.7884615384615384,0.7352941176470589,0.05316742081447956,0.8335870116692035,0.8532712709401508,-0.019684259270947302,0.0030942251048763796,0.004000658932059398,-0.0009064338271830186,0.7734288669500705
CDC Diabetes (BRFSS 2015),0.72,0.012902085542594557,0.017995264404104185,-0.005093178861509628,0.9993202876256574,0.999004369710714,0.0003159179149433422,0.9870979144574055,0.9820047355958959,0.005093178861509617,0.0006797123743426114,0.0009956302892859537,-0.0003159179149433422,0.7934782608695652,0.76,0.03347826086956518,0.8333780840717205,0.8530807925749239,-0.019702708503203326,0.0027371991312367975,0.0035299931753465276,-0.0007927940441097301,0.7754120178909683
CDC Diabetes (BRFSS 2015),0.73,0.011488158359844469,0.016258879242304656,-0.004770720882460187,0.9994633849676242,0.9990320261076387,0.0004313588599854645,0.9885118416401555,0.9837411207576954,0.004770720882460111,0.0005366150323757868,0.0009679738923612513,-0.0004313588599854645,0.8125,0.7463768115942029,0.06612318840579712,0.8331991291640571,0.8528627080628025,-0.01966357889874537,0.0023801731575972154,0.0032475937213188055,-0.0008674205637215901,0.7329036085925976
CDC Diabetes (BRFSS 2015),0.74,0.010604453870625663,0.015469613259668509,-0.004865159389042846,0.9995349336386077,0.9991426516953371,0.0003922819432705671,0.9893955461293743,0.9845303867403314,0.004865159389042861,0.00046506636139231894,0.000857348304662886,-0.0003922819432705671,0.821917808219178,0.7596899224806202,0.062227885738557864,0.8330848589659491,0.8527759418374091,-0.01969108287146004,0.002171908006307459,0.003035794130798014,-0.0008638861244905549,0.7154332318761462
CDC Diabetes (BRFSS 2015),0.75,0.008837044892188053,0.013891081294396212,-0.005054036402208159,0.9995707079740994,0.999225620886111,0.00034508708798841603,0.9911629551078119,0.9861089187056038,0.00505403640220814,0.000429292025900585,0.000774379113889001,-0.00034508708798841603,0.8064516129032258,0.7586206896551724,0.04783092324805338,0.8328415153953919,0.8525851287254879,-0.019743613330096,0.0018446341971378418,0.002729861388934648,-0.0008852271917968062,0.6757244908532614
CDC Diabetes (BRFSS 2015),0.76,0.007423117709437964,0.011681136543014996,-0.004258018833577032,0.9996422566450828,0.9994745284584324,0.00016772818665033995,0.9925768822905621,0.988318863456985,0.004258018833577015,0.0003577433549172282,0.0005254715415675681,-0.00016772818665033995,0.8076923076923077,0.7956989247311828,0.011993382961124954,0.8326529395989154,0.8523349056603774,-0.019681966061461997,0.0015471125524381898,0.002188595768714847,-0.0006414832162766574,0.7068973515135054
CDC Diabetes (BRFSS 2015),0.77,0.007069635913750442,0.010260457774269928,-0.0031908218605194863,0.999749579651558,0.9996128104430555,0.0001367692085024741,0.9929303640862496,0.98973954222573,0.003190821860519555,0.00025042034844202643,0.0003871895569445005,-0.0001367692085024741,0.851063829787234,0.8227848101265823,0.028279019660651716,0.8326182814920748,0.8521714528221813,-0.019553171330106478,0.0013983517300883638,0.0018591297390158378,-0.000460778008927474,0.7521539248942386
CDC Diabetes (BRFSS 2015),0.78,0.006185931424531637,0.008997632202052092,-0.0028117007775204554,0.9997853539870497,0.9996404668399801,0.0001448871470696167,0.9938140685754684,0.9910023677979479,0.002811700777520465,0.0002146460129502925,0.0003595331600199092,-0.0001448871470696167,0.8536585365853658,0.8142857142857143,0.039372822299651555,0.832499255287459,0.8520142375598142,-0.019514982272355152,0.0012198387432685728,0.0016473301484950461,-0.00042749140522647337,0.7404943959673067
CDC Diabetes (BRFSS 2015),0.79,0.005478967833156593,0.007419100236779795,-0.0019401324036232024,0.9998211283225414,0.9997234360307539,9.769229178757666e-05,0.9945210321668434,0.9925808997632202,0.0019401324036232293,0.0001788716774585586,0.00027656396924613524,-9.769229178757666e-05,0.8611111111111112,0.8245614035087719,0.03654970760233922,0.8324050632911393,0.8518239230841738,-0.019418859793034482,0.0010710779209187468,0.0013413974066316806,-0.00027031948571293383,0.7984791946245667
CDC Diabetes (BRFSS 2015),0.8,0.0042417815482502655,0.006314127861089187,-0.0020723463128389215,0.9998569026580332,0.9998064052215277,5.04974365054256e-05,0.9957582184517497,0.9936858721389108,0.002072346312838924,0.00014309734196682466,0.00019359477847225026,-5.04974365054256e-05,0.8571428571428571,0.851063829787234,0.006079027355623046,0.8322365482535807,0.8516939169768647,-0.019457368723283963,0.0008330606051590254,0.0011060645282752453,-0.0002730039231162199,0.7531754105323929
CDC Diabetes (BRFSS 2015),0.81,0.002474372569812655,0.002999210734017364,-0.000524838164204709,0.9999642256645083,0.9999446872061508,1.9538458357448718e-05,0.9975256274301874,0.9970007892659827,0.0005248381642046773,3.577433549173392e-05,5.531279384918264e-05,-1.9538458357448718e-05,0.9333333333333333,0.9047619047619048,0.02857142857142858,0.8320038099773782,0.8512902618195517,-0.01928645184217348,0.00044628246704947786,0.0004941990445485138,-4.791657749903596e-05,0.9030419463015935
CDC Diabetes (BRFSS 2015),0.82,0.0017674089784376105,0.0017363851617995265,3.102381663808401e-05,0.9999642256645083,0.9999446872061508,1.9538458357448718e-05,0.9982325910215624,0.9982636148382005,-3.102381663810938e-05,3.577433549173392e-05,5.531279384918264e-05,-1.9538458357448718e-05,0.9090909090909091,0.8461538461538461,0.06293706293706292,0.8319047619047619,0.8511299435028249,-0.019225181598062968,0.0003272738091696171,0.00030593274186336574,2.1341067306251363e-05,1.0697573825418876
CDC Diabetes (BRFSS 2015),0.83,0.0014139271827500884,0.001420678768745067,-6.751585994978606e-06,0.9999642256645083,0.9999446872061508,1.9538458357448718e-05,0.9985860728172499,0.9985793212312549,6.751585994946296e-06,3.577433549173392e-05,5.531279384918264e-05,-1.9538458357448718e-05,0.8888888888888888,0.8181818181818182,0.07070707070707061,0.8318552467115052,0.8510898733581281,-0.0192346266466229,0.0002677694802296867,0.0002588661661920787,8.903314037607976e-06,1.0343935021272797
CDC Diabetes (BRFSS 2015),0.84,0.0010604453870625664,0.0006314127861089187,0.0004290326009536477,0.9999642256645083,0.9999446872061508,1.9538458357448718e-05,0.9989395546129375,0.9993685872138911,-0.00042903260095361606,3.577433549173392e-05,5.531279384918264e-05,-1.9538458357448718e-05,0.8571428571428571,0.6666666666666666,0.19047619047619047,0.8318057374122129,0.8509897145009062,-0.01918397708869335,0.00020826515128975634,0.00014119972701386111,6.706542427589523e-05,1.4749685122926026
CDC Diabetes (BRFSS 2015),0.85,0.0003534817956875221,0.00031570639305445933,3.777540263306278e-05,1.0,0.9999446872061508,5.531279384918264e-05,0.9996465182043125,0.9996842936069456,-3.777540263305568e-05,0.0,5.531279384918264e-05,-5.531279384918264e-05,1.0,0.5,0.5,0.8317117438781279,0.8509496575584269,-0.019237913680299035,5.950432893993038e-05,9.413315134257407e-05,-3.462882240264369e-05,0.6321293624111154
CDC Diabetes (BRFSS 2015),0.86,0.0,0.00015785319652722967,-0.00015785319652722967,1.0,1.0,0.0,1.0,0.9998421468034727,0.00015785319652728003,0.0,0.0,0.0,,1.0,,0.831662253428937,0.8509366468982397,-0.01927439346930271,0.0,2.3533287835643517e-05,-2.3533287835643517e-05,0.0
CDC Diabetes (BRFSS 2015),0.87,0.0,0.00015785319652722967,-0.00015785319652722967,1.0,1.0,0.0,1.0,0.9998421468034727,0.00015785319652728003,0.0,0.0,0.0,,1.0,,0.831662253428937,0.8509366468982397,-0.01927439346930271,0.0,2.3533287835643517e-05,-2.3533287835643517e-05,0.0
CDC Diabetes (BRFSS 2015),0.88,0.0,0.00015785319652722967,-0.00015785319652722967,1.0,1.0,0.0,1.0,0.9998421468034727,0.00015785319652728003,0.0,0.0,0.0,,1.0,,0.831662253428937,0.8509366468982397,-0.01927439346930271,0.0,2.3533287835643517e-05,-2.3533287835643517e-05,0.0
CDC Diabetes (BRFSS 2015),0.89,0.0,0.00015785319652722967,-0.00015785319652722967,1.0,1.0,0.0,1.0,0.9998421468034727,0.00015785319652728003,0.0,0.0,0.0,,1.0,,0.831662253428937,0.8509366468982397,-0.01927439346930271,0.0,2.3533287835643517e-05,-2.3533287835643517e-05,0.0
CDC Diabetes (BRFSS 2015),0.9,0.0,0.00015785319652722967,-0.00015785319652722967,1.0,1.0,0.0,1.0,0.9998421468034727,0.00015785319652728003,0.0,0.0,0.0,,1.0,,0.831662253428937,0.8509366468982397,-0.01927439346930271,0.0,2.3533287835643517e-05,-2.3533287835643517e-05,0.0
CDC Diabetes (BRFSS 2015),0.91,0.0,0.00015785319652722967,-0.00015785319652722967,1.0,1.0,0.0,1.0,0.9998421468034727,0.00015785319652728003,0.0,0.0,0.0,,1.0,,0.831662253428937,0.8509366468982397,-0.01927439346930271,0.0,2.3533287835643517e-05,-2.3533287835643517e-05,0.0
CDC Diabetes (BRFSS 2015),0.92,0.0,0.0,0.0,1.0,1.0,0.0,1.0,1.0,0.0,0.0,0.0,0.0,,,,0.831662253428937,0.8509166215611983,-0.019254368132261335,0.0,0.0,0.0,
CDC Diabetes (BRFSS 2015),0.93,0.0,0.0,0.0,1.0,1.0,0.0,1.0,1.0,0.0,0.0,0.0,0.0,,,,0.831662253428937,0.8509166215611983,-0.019254368132261335,0.0,0.0,0.0,
CDC Diabetes (BRFSS 2015),0.94,0.0,0.0,0.0,1.0,1.0,0.0,1.0,1.0,0.0,0.0,0.0,0.0,,,,0.831662253428937,0.8509166215611983,-0.019254368132261335,0.0,0.0,0.0,
CDC Diabetes (BRFSS 2015),0.95,0.0,0.0,0.0,1.0,1.0,0.0,1.0,1.0,0.0,0.0,0.0,0.0,,,,0.831662253428937,0.8509166215611983,-0.019254368132261335,0.0,0.0,0.0,
CDC Diabetes (BRFSS 2015),0.96,0.0,0.0,0.0,1.0,1.0,0.0,1.0,1.0,0.0,0.0,0.0,0.0,,,,0.831662253428937,0.8509166215611983,-0.019254368132261335,0.0,0.0,0.0,
CDC Diabetes (BRFSS 2015),0.97,0.0,0.0,0.0,1.0,1.0,0.0,1.0,1.0,0.0,0.0,0.0,0.0,,,,0.831662253428937,0.8509166215611983,-0.019254368132261335,0.0,0.0,0.0,
CDC Diabetes (BRFSS 2015),0.98,0.0,0.0,0.0,1.0,1.0,0.0,1.0,1.0,0.0,0.0,0.0,0.0,,,,0.831662253428937,0.8509166215611983,-0.019254368132261335,0.0,0.0,0.0,
CDC Diabetes (BRFSS 2015),0.99,0.0,0.0,0.0,1.0,1.0,0.0,1.0,1.0,0.0,0.0,0.0,0.0,,,,0.831662253428937,0.8509166215611983,-0.019254368132261335,0.0,0.0,0.0,
Diabetes-130 (readmission),0.01,0.9973082099596231,1.0,-0.0026917900403768957,0.018246121694397557,0.0151599058562924,0.003086215838105158,0.0026917900403768957,0.0,0.0026917900403768957,0.9817538783056025,0.9848400941437077,-0.0030862158381051996,0.10820677570093458,0.11269801671448172,-0.0044912410135471426,0.9826839826839827,1.0,-0.017316017316017285,0.9834135133194514,0.9865255645111671,-0.003112051191715759,0.9968454429325835
Diabetes-130 (readmission),0.02,0.9959623149394348,1.0,-0.004037685060565233,0.021139779760469414,0.01792883843278416,0.0032109413276852523,0.004037685060565233,0.0,0.004037685060565233,0.9788602202395306,0.9820711615672159,-0.0032109413276852905,0.1083613999121394,0.11297986745029386,-0.004618467538154453,0.9776951672862454,1.0,-0.022304832713754608,0.9806850003590148,0.9840644804036178,-0.0033794800446029782,0.9965657940999793
Diabetes-130 (readmission),0.03,0.9952893674293405,0.9988931931377975,-0.0036038257084569647,0.02909733944216703,0.023674373529004568,0.005422965913162461,0.004710632570659512,0.0011068068622025473,0.0036038257084569647,0.9709026605578329,0.9763256264709954,-0.005422965913162492,0.1090868859713822,0.11345779118737821,-0.004370905215996007,0.981029810298103,0.9941860465116279,-0.013156236213524908,0.9735047030947082,0.9788346766750754,-0.005329973580367242,0.9945547765037583
Diabetes-130 (readmission),0.04,0.9771197846567967,0.9889319313779745,-0.011812146721177808,0.061490233904027004,0.05164059255157137,0.009849641352455633,0.02288021534320328,0.011068068622025473,0.011812146721177808,0.938509766095973,0.9483594074484286,-0.009849641352455585,0.11060329067641682,0.11538709885710596,-0.004783808180689145,0.9574468085106383,0.9738903394255874,-0.0164435309149491,0.9426294248581891,0.9528702393404295,-0.010240814482240346,0.9892526662504131
Diabetes-130 (readmission),0.05,0.9569313593539704,0.9712230215827338,-0.014291662228763324,0.11397797604694157,0.09815865983663298,0.01581931621030859,0.043068640646029555,0.02877697841726623,0.014291662228763324,0.8860220239530584,0.901841340163367,-0.01581931621030863,0.11426275612695862,0.11871744571467226,-0.004454689587713639,0.9568151147098516,0.964625850340136,-0.007810735630284449,0.8935879945429741,0.9095551590475605,-0.01596716450458635,0.9824450839008968
Diabetes-130 (readmission),0.06,0.9192462987886945,0.9385722191477587,-0.01932592035906422,0.18977574149987944,0.1608057593797591,0.028969982120120336,0.08075370121130554,0.06142778085224132,0.01932592035906422,0.8102242585001206,0.8391942406202408,-0.028969982120120252,0.11934300192206884,0.12272957522251972,-0.0033865733004508763,0.9516324062877872,0.9543960558751027,-0.002763649587315453,0.8218568248725497,0.8502430320556205,-0.028386207183070722,0.9666140078626204
Diabetes-130 (readmission),0.07,0.8694481830417228,0.9003873824017709,-0.030939199360048075,0.2848645607266297,0.2447736397618718,0.04009092096475789,0.13055181695827722,0.09961261759822915,0.030939199360048075,0.7151354392733703,0.7552263602381282,-0.04009092096475786,0.1268034154480322,0.12977586344420516,-0.0029724479961729666,0.9481005885500268,0.9515608180839612,-0.0034602295339344336,0.731600488260214,0.771365286408663,-0.03976479814844902,0.9484488103767454
Diabetes-130 (readmission),0.08,0.7873485868102288,0.8323187603763144,-0.04497017356608557,0.4096133751306165,0.35871521528450784,0.05089815984610868,0.2126514131897712,0.16768123962368564,0.04497017356608557,0.5903866248693834,0.6412847847154921,-0.05089815984610868,0.13740458015267176,0.13967310549777118,-0.0022685253450994147,0.9416112342941612,0.9447584320875114,-0.003147197793350265,0.6114023120557192,0.6625238417522918,-0.05112152969657269,0.9228382037371475
Diabetes-130 (readmission),0.09,0.7227456258411844,0.7719977863862756,-0.049252160545091184,0.5028534683707098,0.4462827080160598,0.056570760354649974,0.2772543741588156,0.2280022136137244,0.049252160545091184,0.49714653162929023,0.5537172919839402,-0.05657076035464992,0.1479542636726822,0.14849904194166488,-0.000544778268982693,0.9382123575284943,0.9399329348301502,-0.0017205773016558679,0.5212177784160265,0.5779856026579708,-0.056767824241944376,0.9017833247387351
Diabetes-130 (readmission),0.1,0.6527590847913862,0.7072495849474266,-0.0544905001560404,0.576963266618439,0.5208362176381005,0.05612704898033849,0.3472409152086138,0.2927504150525734,0.0544905001560404,0.423036733381561,0.4791637823618995,-0.05612704898033849,0.15562329536338843,0.15585365853658537,-0.00023036317319694022,0.9329347543540422,0.9343101949584006,-0.0013754406043584577,0.44754792848423924,0.504522242047622,-0.05697431356338273,0.8870727416651635
Diabetes-130 (readmission),0.11,0.604306864064603,0.6508024349750968,-0.04649557091049383,0.6323446668274254,0.5838294337532881,0.0485152330741373,0.395693135935397,0.3491975650249032,0.04649557091049383,0.3676553331725746,0.4161705662467119,-0.0485152330741373,0.16410818713450293,0.1636060100166945,0.0005021771178084222,0.930455351862803,0.9303916161059018,6.373575690121758e-05,0.39290586630286495,0.44225681412662277,-0.04935094782375782,0.888411108099675
Diabetes-130 (readmission),0.12,0.5524899057873486,0.6037631433314886,-0.05127323754414004,0.683707097500201,0.6387235220822373,0.04498357541796372,0.4475100942126514,0.3962368566685114,0.05127323754414004,0.316292902499799,0.36127647791776274,-0.04498357541796372,0.17262405382674517,0.17290015847860538,-0.00027610465186020394,0.927488823465271,0.9279895403801669,-0.0005007169148959489,0.3414949378904287,0.388236017965914,-0.04674108007548533,0.879606533364998
Diabetes-130 (readmission),0.13,0.4757738896366083,0.5312672938572219,-0.05549340422061361,0.7487340245960936,0.7078083898657068,0.040925634730386795,0.5242261103633916,0.46873270614277807,0.05549340422061355,0.2512659754039064,0.2921916101342932,-0.040925634730386795,0.18445082181059222,0.18529241459177764,-0.000841592781185424,0.9228254408559541,0.9235007225433526,-0.000675281687398499,0.2752207941408774,0.31877191903033286,-0.04355112488945545,0.8633784148179271
Diabetes-130 (readmission),0.14,0.4057873485868102,0.46651909241837297,-0.06073174383156277,0.802990113334941,0.7733628686141493,0.0296272447207917,0.5942126514131898,0.533480907581627,0.06073174383156277,0.19700988666505903,0.22663713138585073,-0.0296272447207917,0.1974459724950884,0.20476074811756134,-0.00731477562247293,0.9187896624666605,0.9205669083717865,-0.001777245905125957,0.2192862784519279,0.2533070817695195,-0.03402080331759158,0.8656934378623231
Diabetes-130 (readmission),0.15,0.3445491251682369,0.39789706696181515,-0.05334794179357827,0.8434209468692228,0.8193963726983248,0.024024574170897983,0.6554508748317631,0.6021029330381849,0.05334794179357827,0.15657905313077725,0.18060362730167523,-0.024024574170897983,0.208130081300813,0.21604567307692307,-0.007915591776110065,0.9150606087032354,0.9158220502901354,-0.0007614415869000579,0.17663531270194585,0.20476219774810805,-0.028126885046162203,0.862636339346372
Diabetes-130 (readmission),0.16,0.29878869448183043,0.3558384061981184,-0.057049711716287976,0.8742866329073226,0.8531773501315243,0.021109282775798266,0.7012113055181696,0.6441615938018816,0.05704971171628792,0.12571336709267744,0.1468226498684757,-0.021109282775798266,0.22111553784860558,0.23263386396526772,-0.011518326116662148,0.9125765584361104,0.9137074653421307,-0.001130906906020246,0.14418036906727938,0.17006091183166186,-0.02588054276438248,0.8478160414075585
Diabetes-130 (readmission),0.17,0.2691790040376851,0.3115661317100166,-0.04238712767233155,0.8955871714492404,0.8817665789838017,0.013820592465438652,0.7308209959623149,0.6884338682899833,0.04238712767233155,0.10441282855075962,0.11823342101619827,-0.013820592465438652,0.23543260741612712,0.24790841039189784,-0.012475802975770722,0.9111874386653582,0.9110284651695036,0.0001589734958545863,0.12199325052057156,0.13972805020611578,-0.017734799685544228,0.8730763103086084
Diabetes-130 (readmission),0.18,0.24158815612382234,0.27614831211953517,-0.03456015599571283,0.9141548107065348,0.9009414370760072,0.013213373630527658,0.7584118438761777,0.7238516878804648,0.03456015599571283,0.08584518929346519,0.09905856292399284,-0.013213373630527658,0.2515767344078486,0.25854922279792747,-0.006972488390078857,0.90984,0.9086783495077847,0.0011616504922152826,0.10246284196165721,0.11874730818925737,-0.01628446622760016,0.862864544250163
Diabetes-130 (readmission),0.19,0.20524899057873486,0.24958494742667406,-0.0443359568479392,0.9279800659111004,0.9174858092205455,0.010494256690554926,0.7947510094212651,0.750415052573326,0.04433595684793912,0.07201993408889962,0.08251419077945454,-0.010494256690554926,0.253955037468776,0.2744978697504565,-0.020542832281680468,0.9071978626434072,0.9071868583162218,1.1004327185371032e-05,0.08623537014432398,0.1010890297175906,-0.01485365957326662,0.8530635854873387
Diabetes-130 (readmission),0.2,0.17765814266487215,0.2197011621472053,-0.04204301948233316,0.9393939393939394,0.930569015644469,0.008824923749470415,0.8223418573351279,0.7802988378527946,0.042043019482333244,0.06060606060606055,0.06943098435553097,-0.008824923749470415,0.2593320235756385,0.2835714285714286,-0.02423940499579008,0.905337361530715,0.905069682892345,0.0002676786383699614,0.07309542615064264,0.08613794376422815,-0.013042517613585505,0.848585686590282
Diabetes-130 (readmission),0.21,0.15814266487213996,0.1936912008854455,-0.03554853601330554,0.9509685716582268,0.9422677557801468,0.008700815878080026,0.84185733512786,0.8063087991145546,0.03554853601330543,0.04903142834177321,0.057732244219853235,-0.008700815878080026,0.2781065088757396,0.2956081081081081,-0.017501599232368492,0.9043724201192478,0.903311434069945,0.0010609860493028256,0.06067351188339197,0.07284808958346152,-0.01217457770006955,0.8328771863520014
Diabetes-130 (readmission),0.22,0.13526244952893673,0.16602102933038185,-0.030758579801445113,0.9586849931677518,0.9520282431122802,0.006656750055471616,0.8647375504710633,0.8339789706696181,0.03075857980144514,0.0413150068322482,0.04797175688771982,-0.006656750055471616,0.2811188811188811,0.3021148036253776,-0.02099592250649651,0.9027399333938844,0.9012450851900393,0.001494848203845045,0.05133912543979321,0.06109641296991325,-0.009757287530120042,0.8402968839606838
Diabetes-130 (readmission),0.23,0.11911170928667564,0.14388489208633093,-0.02477318279965529,0.9659995177236557,0.9595735843832203,0.006425933340435397,0.8808882907133244,0.8561151079136691,0.024773182799655347,0.034000482276344335,0.04042641561677973,-0.006425933340435397,0.295,0.3080568720379147,-0.013056872037914724,0.9017783447137391,0.8996041274579791,0.002174217255759947,0.04308178358584045,0.05192887466929182,-0.008847091083451372,0.8296306026311195
Diabetes-130 (readmission),0.24,0.10497981157469717,0.12396236856668512,-0.018982556991987948,0.9704203842134876,0.9649730029073792,0.005447381306108445,0.8950201884253028,0.8760376314333149,0.01898255699198792,0.02957961578651236,0.035026997092620804,-0.005447381306108445,0.29770992366412213,0.30684931506849317,-0.009139391404371033,0.9007684846676117,0.8980222895058945,0.0027461951617172575,0.03762475766496733,0.0449147849627761,-0.007290027297808768,0.8376920360667316
Diabetes-130 (readmission),0.25,0.09353970390309556,0.11123408965135584,-0.01769438574826028,0.9758058033920103,0.9705108680603627,0.005294935331647599,0.9064602960969045,0.8887659103486442,0.01769438574826032,0.024194196607989715,0.029489131939637314,-0.005294935331647599,0.3159090909090909,0.32057416267942584,-0.004665071770334928,0.900126047304812,0.8972225777550237,0.0029034695497883733,0.031593307962949665,0.038577493385836464,-0.006984185422886799,0.8189569925387893
Diabetes-130 (readmission),0.26,0.08209959623149395,0.09905921416712783,-0.016959617935633886,0.9803874286632908,0.9757026166412848,0.004684812022005991,0.917900403768506,0.9009407858328722,0.01695961793563383,0.01961257133670924,0.02429738335871523,-0.004684812022005991,0.3333333333333333,0.33773584905660375,-0.004402515723270439,0.8994174470909225,0.896457419067608,0.0029600280233145204,0.026279887987362676,0.03260936442502922,-0.006329476437666546,0.8059000367143502
Diabetes-130 (readmission),0.27,0.07604306864064603,0.08743774211400111,-0.011394673473355085,0.983441845510811,0.9792330056763118,0.004208839834499267,0.923956931359354,0.9125622578859989,0.0113946734733551,0.01655815448918896,0.020766994323688226,-0.004208839834499267,0.3542319749216301,0.34497816593886466,0.009253808982765455,0.899103468547913,0.8955998733776511,0.003503595170261886,0.02290514827313851,0.02817941303144035,-0.005274264758301842,0.8128326962517908
Diabetes-130 (readmission),0.28,0.06729475100942127,0.08190370780298838,-0.014608956793567107,0.9863355035768829,0.9820019382528036,0.004333565324079358,0.9327052489905787,0.9180962921970116,0.014608956793567107,0.013664496423117067,0.017998061747196425,-0.004333565324079358,0.37037037037037035,0.3627450980392157,0.0076252723311546755,0.8985135827780625,0.8952982013253392,0.003215381452723265,0.019386802613628205,0.02510305789700363,-0.005716255283375424,0.7722884874492628
Diabetes-130 (readmission),0.29,0.05720053835800808,0.07470946319867183,-0.017508924840663756,0.9879430913913673,0.9838017444275232,0.00414134696384405,0.9427994616419919,0.9252905368013282,0.017508924840663687,0.012056908608632733,0.016198255572476783,-0.00414134696384405,0.3617021276595745,0.36585365853658536,-0.004151530877010867,0.8976774758983348,0.8947368421052632,0.002940633793071634,0.016873698571120845,0.02270350089214299,-0.005829802321022145,0.7432201161962794
Diabetes-130 (readmission),0.3,0.051816958277254375,0.06474820143884892,-0.012931243161594545,0.9905152318945423,0.9859476671743043,0.004567564720238004,0.9481830417227456,0.935251798561151,0.012931243161594552,0.00948476810545773,0.014052332825695735,-0.004567564720238004,0.39487179487179486,0.365625,0.02924679487179488,0.8973929507719196,0.893930835373125,0.0034621153987945963,0.014001579665398148,0.019688672860395003,-0.0056870931949968544,0.7111489821928628
Diabetes-130 (readmission),0.31,0.046433378196500674,0.058107360265633644,-0.01167398206913297,0.992283578490475,0.9874705800913748,0.00481299839910021,0.9535666218034993,0.9418926397343663,0.011673982069132949,0.007716421509525007,0.012529419908625217,-0.00481299839910021,0.41818181818181815,0.36713286713286714,0.05104895104895102,0.8970353146345008,0.8934051481179933,0.0036301665165074937,0.011847490486106125,0.017596751368978036,-0.005749260882871912,0.6732771429044854
Diabetes-130 (readmission),0.32,0.04306864064602961,0.050359712230215826,-0.007291071584186216,0.9930873723977173,0.9887858230652083,0.004301549332508925,0.9569313593539703,0.9496402877697842,0.007291071584186182,0.006912627602282728,0.011214176934791653,-0.004301549332508925,0.4266666666666667,0.35968379446640314,0.06698287220026355,0.896784495898962,0.89275,0.004034495898961987,0.010770445896460113,0.0155663569802498,-0.004795911083789687,0.6919053642496689
Diabetes-130 (readmission),0.33,0.039030955585464336,0.04703929164360819,-0.008008336058143856,0.9936500281327868,0.9899626194102173,0.003687408722569452,0.9609690444145357,0.9529607083563918,0.008008336058143883,0.0063499718672132,0.010037380589782652,-0.003687408722569452,0.4233576642335766,0.3695652173913043,0.0537924468422723,0.8964467005076142,0.8925294888597641,0.003917211647850083,0.009837007252100237,0.014151233618408908,-0.004314226366308672,0.6951342559495006
Diabetes-130 (readmission),0.34,0.03566621803499327,0.04427227448810182,-0.008606056453108551,0.9942126838678563,0.9914163090128756,0.0027963748549807432,0.9643337819650067,0.9557277255118982,0.008606056453108524,0.005787316132143672,0.008583690987124415,-0.0027963748549807432,0.424,0.39215686274509803,0.031843137254901954,0.8961744674684828,0.8923920493488691,0.003782418119613773,0.008975371580383428,0.012551528948501815,-0.0035761573681183864,0.7150819328233915
Diabetes-130 (readmission),0.35,0.029609690444145357,0.040398450470392915,-0.010788760026247558,0.9951772365565469,0.9925238820434722,0.0026533545130746905,0.9703903095558546,0.9596015495296071,0.010788760026247513,0.004822763443453115,0.007476117956527806,-0.0026533545130746905,0.4230769230769231,0.40331491712707185,0.019762005949851225,0.8956811111914924,0.8921105027376804,0.003570608453811963,0.007467509154879012,0.011136405586660925,-0.003668896431781913,0.6705493165428098
Diabetes-130 (readmission),0.36,0.026244952893674293,0.036524626452684006,-0.010279673559009713,0.9956595129008922,0.9931468918731828,0.0025126210277093275,0.9737550471063257,0.963475373547316,0.010279673559009606,0.004340487099107837,0.0068531081268171645,-0.0025126210277093275,0.41935483870967744,0.4,0.019354838709677413,0.8954026311984965,0.8917826951765291,0.003619936021967418,0.006677676455805271,0.010151971943641173,-0.0034742954878359024,0.6577713662800186
Diabetes-130 (readmission),0.37,0.02557200538358008,0.03320420586607637,-0.007632200482496292,0.9963025480266859,0.9940467949605427,0.002255753066143229,0.9744279946164199,0.9667957941339236,0.007632200482496354,0.0036974519733140587,0.005953205039457288,-0.002255753066143229,0.4523809523809524,0.410958904109589,0.041422048271363365,0.8953983963013797,0.8915378406903831,0.00386055561099663,0.006031449702017663,0.00898295699255522,-0.0029515072905375575,0.6714325479924184
Diabetes-130 (readmission),0.38,0.023553162853297442,0.03154399557277255,-0.007990832719475108,0.9967848243710312,0.9949466980479026,0.0018381263231286304,0.9764468371467026,0.9684560044272275,0.007990832719475094,0.0032151756289687805,0.005053301952097411,-0.0018381263231286304,0.4666666666666667,0.43846153846153846,0.028205128205128216,0.8952497834247762,0.8914594058177758,0.003790377607000406,0.005385222948230056,0.00799852334953547,-0.002613300401305414,0.6732771429044855
Diabetes-130 (readmission),0.39,0.02220726783310902,0.028223574986164915,-0.006016307153055896,0.9972671007153766,0.9952235913055517,0.002043509409824895,0.977792732166891,0.9717764250138351,0.0060163071530559,0.0027328992846233913,0.004776408694448286,-0.002043509409824895,0.4925373134328358,0.425,0.06753731343283581,0.8951659451659452,0.8911547759251224,0.004011169240822787,0.0048107991670855174,0.007383252322648127,-0.0025724531555626094,0.6515826571886743
Diabetes-130 (readmission),0.4,0.020188425302826378,0.026563364692861097,-0.006374939390034719,0.9978297564504461,0.9959850477640869,0.00184470868635922,0.9798115746971736,0.9734366353071389,0.006374939390034751,0.002170243549553863,0.004014952235913083,-0.00184470868635922,0.5263157894736842,0.4528301886792453,0.07348560079443889,0.8950252343186734,0.8910633554220598,0.003961878896613591,0.004092769440654843,0.006521872885005845,-0.0024291034443510023,0.6275451105562563
Diabetes-130 (readmission),0.41,0.014804845222072678,0.023796347537354733,-0.008991502315282054,0.9980708946226188,0.9964003876505607,0.0016705069720580612,0.9851951547779273,0.9762036524626453,0.008991502315282007,0.001929105377381224,0.003599612349439285,-0.0016705069720580612,0.4782608695652174,0.45263157894736844,0.025629290617848965,0.8945320942295224,0.8908280727812848,0.00370402144823756,0.0033029367415811015,0.005845074755429767,-0.0025421380138486655,0.5650803248517646
Diabetes-130 (readmission),0.42,0.013458950201884253,0.020475926950747094,-0.007016976748862841,0.9983120327947914,0.9967465042226222,0.0015655285721691836,0.9865410497981157,0.9795240730492529,0.007016976748862813,0.0016879672052085848,0.0032534957773777684,-0.0015655285721691836,0.4878048780487805,0.44047619047619047,0.04732868757259001,0.8944260406164483,0.8905312635289752,0.0038947770874731003,0.002943921878365764,0.005168276625853689,-0.0022243547474879244,0.5696138367747472
Diabetes-130 (readmission),0.43,0.012113055181695828,0.018262313226342003,-0.006149258044646175,0.9984727915762398,0.9973695140523329,0.0011032775239069315,0.9878869448183042,0.981737686773658,0.006149258044646166,0.0015272084237601957,0.002630485947667127,-0.0011032775239069315,0.4864864864864865,0.4647887323943662,0.021697754092120325,0.8943124550035997,0.8903720182919294,0.003940436711670325,0.0026567099877934947,0.004368424290900142,-0.001711714303106647,0.6081620765015164
Diabetes-130 (readmission),0.44,0.010767160161507403,0.01549529607083564,-0.004728135909328237,0.998553170966964,0.9977848539388066,0.0007683170281574947,0.9892328398384926,0.9845047039291643,0.0047281359093283015,0.0014468290330359457,0.0022151460611934404,-0.0007683170281574947,0.47058823529411764,0.4666666666666667,0.0039215686274509665,0.8941913193694666,0.8901377138269623,0.004053605542504335,0.002441301069864292,0.0036916261613240634,-0.0012503250914597712,0.6613077714750724
Diabetes-130 (readmission),0.45,0.008075370121130552,0.01383508577753182,-0.005759715656401269,0.9987943091391367,0.9982694171396926,0.0005248919994440548,0.9919246298788694,0.9861649142224682,0.00575971565640121,0.0012056908608633066,0.0017305828603073614,-0.0005248919994440548,0.4444444444444444,0.5,-0.05555555555555558,0.8939568345323741,0.890020366598778,0.003936467933596033,0.0019386802613628204,0.0030763551344367194,-0.001137674873073899,0.6301874057585984
Diabetes-130 (readmission),0.46,0.006056527590847914,0.012174875484228001,-0.0061183478933800875,0.9990354473113093,0.9986155337117542,0.00041991359955517726,0.993943472409152,0.987825124515772,0.006118347893380061,0.0009645526886906675,0.0013844662882458447,-0.00041991359955517726,0.42857142857142855,0.5238095238095238,-0.09523809523809529,0.8937868545951387,0.8898895811486028,0.0038972734465358982,0.0015078624255044158,0.0025841383129268443,-0.0010762758874224285,0.5835068571838874
Diabetes-130 (readmission),0.47,0.005383580080753701,0.00996126175982291,-0.004577681679069209,0.9991962060927578,0.9989616502838156,0.00023455580894227168,0.9946164199192463,0.9900387382401771,0.004577681679069245,0.0008037939072421674,0.001038349716184439,-0.00023455580894227168,0.4444444444444444,0.5454545454545454,-0.101010101010101,0.8937378675677619,0.8897040690505549,0.004033798517206977,0.0012924535075752137,0.002030394388728235,-0.0007379408811530213,0.6365529351096954
Diabetes-130 (readmission),0.48,0.004710632570659489,0.008854454897620365,-0.004143822326960876,0.9994373442649305,0.9990308735982278,0.00040647066670262966,0.9952893674293405,0.9911455451023796,0.0041438223269608665,0.0005626557350695283,0.0009691264017721579,-0.00040647066670262966,0.5,0.5333333333333333,-0.033333333333333326,0.8936965428016963,0.8896011835049005,0.004095359296795831,0.001005241617002944,0.0018458130806620317,-0.0008405714636590877,0.544606400038295
Diabetes-130 (readmission),0.49,0.004037685060565276,0.00774764803541782,-0.003709962974852544,0.9995177236556547,0.9991000969126401,0.00041762674301459857,0.9959623149394348,0.9922523519645822,0.0037099629748525986,0.0004822763443452782,0.0008999030873598768,-0.00041762674301459857,0.5,0.5185185185185185,-0.01851851851851849,0.8936399568810636,0.8894983360039442,0.004141620877119334,0.000861635671716809,0.0016612317725958285,-0.0007995961008790194,0.5186727619412332
Diabetes-130 (readmission),0.5,0.004037685060565276,0.006640841173215274,-0.0026031561126499984,0.9995177236556547,0.9992385435414648,0.0002791801141899253,0.9959623149394348,0.9933591588267847,0.0026031561126500513,0.0004822763443452782,0.0007614564585352035,-0.0002791801141899253,0.5,0.5217391304347826,-0.021739130434782594,0.8936399568810636,0.8894023413431916,0.0042376155378719416,0.000861635671716809,0.001415123361840891,-0.0005534876901240819,0.6088767205397085
Diabetes-130 (readmission),0.51,0.0026917900403768506,0.004427227448810182,-0.0017354374084333317,0.9995981030463789,0.9993769901702894,0.00022111287608950203,0.9973082099596231,0.9955727725511898,0.0017354374084332935,0.0004018969536211392,0.0006230098297106412,-0.00022111287608950203,0.4444444444444444,0.47058823529411764,-0.02614379084967322,0.8935191837907746,0.8891968465139197,0.004322337276854826,0.0006462267537876068,0.0010459607457084846,-0.0003997339919208778,0.6178307899594102
Diabetes-130 (readmission),0.52,0.0026917900403768506,0.00387382401770891,-0.0011820339773320593,0.9998392412185516,0.9995154367991139,0.0003238044194376899,0.9973082099596231,0.9961261759822911,0.0011820339773319644,0.00016075878144838907,0.00048456320088607896,-0.0003238044194376899,0.6666666666666666,0.5,0.16666666666666663,0.8935421305940665,0.8891557361906521,0.004386394403414373,0.0004308178358584045,0.0008613794376422815,-0.00043056160178387695,0.5001487347290463
Diabetes-130 (readmission),0.53,0.002018842530282638,0.00387382401770891,-0.001854981487426272,0.9998392412185516,0.9998615533711754,-2.2312152623826798e-05,0.9979811574697174,0.9961261759822911,0.0018549814874262438,0.00016075878144838907,0.00013844662882456227,2.2312152623826798e-05,0.6,0.7777777777777778,-0.1777777777777778,0.8934779485706077,0.8891898547155873,0.004288093855020381,0.0003590148632153371,0.0005537439241986094,-0.00019472906098327234,0.6483409524265416
Diabetes-130 (readmission),0.54,0.002018842530282638,0.003320420586607637,-0.0013015780563249992,0.9999196206092757,0.9998615533711754,5.8067238100312224e-05,0.9979811574697174,0.9966795794133924,0.0013015780563250257,8.037939072425004e-05,0.00013844662882456227,-5.8067238100312224e-05,0.75,0.75,0.0,0.8934855993679524,0.8891351184979994,0.004350480869952933,0.0002872118905722697,0.0004922168215098751,-0.00020500493093760538,0.5835068571838874
Diabetes-130 (readmission),0.55,0.0013458950201884253,0.002213613724405091,-0.0008677187042166658,0.9999196206092757,0.9999307766855877,-1.115607631196891e-05,0.9986541049798116,0.9977863862755949,0.0008677187042166468,8.037939072425004e-05,6.922331441228113e-05,1.115607631196891e-05,0.6666666666666666,0.8,-0.13333333333333341,0.8934214306233841,0.8890324963072378,0.004388934316146287,0.00021540891792920226,0.0003076355134436719,-9.222659551446965e-05,0.7002082286206649
Diabetes-130 (readmission),0.56,0.0006729475100942127,0.0016602102933038186,-0.000987262783209606,0.9999196206092757,0.9999307766855877,-1.115607631196891e-05,0.9993270524899058,0.9983397897066962,0.000987262783209597,8.037939072425004e-05,6.922331441228113e-05,1.115607631196891e-05,0.5,0.75,-0.25,0.8933572710951526,0.8889777832481999,0.004379487846952745,0.00014360594528613484,0.00024610841075493753,-0.00010250246546880269,0.5835068571838874
Diabetes-130 (readmission),0.57,0.0,0.0011068068622025456,-0.0011068068622025456,0.9999196206092757,0.9999307766855877,-1.115607631196891e-05,1.0,0.9988931931377975,0.0011068068622025473,8.037939072425004e-05,6.922331441228113e-05,1.115607631196891e-05,0.0,0.6666666666666666,-0.6666666666666666,0.8932931207812724,0.8889230769230769,0.004370043858195505,7.180297264306742e-05,0.00018458130806620315,-0.00011277833542313573,0.38900457145592493
Diabetes-130 (readmission),0.58,0.0,0.0011068068622025456,-0.0011068068622025456,0.9999196206092757,0.9999307766855877,-1.115607631196891e-05,1.0,0.9988931931377975,0.0011068068622025473,8.037939072425004e-05,6.922331441228113e-05,1.115607631196891e-05,0.0,0.6666666666666666,-0.6666666666666666,0.8932931207812724,0.8889230769230769,0.004370043858195505,7.180297264306742e-05,0.00018458130806620315,-0.00011277833542313573,0.38900457145592493
Diabetes-130 (readmission),0.59,0.0,0.0011068068622025456,-0.0011068068622025456,1.0,0.9999307766855877,6.922331441228113e-05,1.0,0.9988931931377975,0.0011068068622025473,0.0,6.922331441228113e-05,-6.922331441228113e-05,,0.6666666666666666,,0.8933007826524018,0.8889230769230769,0.004377705729324832,0.0,0.00018458130806620315,-0.00018458130806620315,0.0
Diabetes-130 (readmission),0.6,0.0,0.0011068068622025456,-0.0011068068622025456,1.0,0.9999307766855877,6.922331441228113e-05,1.0,0.9988931931377975,0.0011068068622025473,0.0,6.922331441228113e-05,-6.922331441228113e-05,,0.6666666666666666,,0.8933007826524018,0.8889230769230769,0.004377705729324832,0.0,0.00018458130806620315,-0.00018458130806620315,0.0
Diabetes-130 (readmission),0.61,0.0,0.0011068068622025456,-0.0011068068622025456,1.0,1.0,0.0,1.0,0.9988931931377975,0.0011068068622025473,0.0,0.0,0.0,,1.0,,0.8933007826524018,0.888929912005415,0.004370870646986713,0.0,0.00012305420537746877,-0.00012305420537746877,0.0
Diabetes-130 (readmission),0.62,0.0,0.0011068068622025456,-0.0011068068622025456,1.0,1.0,0.0,1.0,0.9988931931377975,0.0011068068622025473,0.0,0.0,0.0,,1.0,,0.8933007826524018,0.888929912005415,0.004370870646986713,0.0,0.00012305420537746877,-0.00012305420537746877,0.0
Diabetes-130 (readmission),0.63,0.0,0.0011068068622025456,-0.0011068068622025456,1.0,1.0,0.0,1.0,0.9988931931377975,0.0011068068622025473,0.0,0.0,0.0,,1.0,,0.8933007826524018,0.888929912005415,0.004370870646986713,0.0,0.00012305420537746877,-0.00012305420537746877,0.0
Diabetes-130 (readmission),0.64,0.0,0.0011068068622025456,-0.0011068068622025456,1.0,1.0,0.0,1.0,0.9988931931377975,0.0011068068622025473,0.0,0.0,0.0,,1.0,,0.8933007826524018,0.888929912005415,0.004370870646986713,0.0,0.00012305420537746877,-0.00012305420537746877,0.0
Diabetes-130 (readmission),0.65,0.0,0.0011068068622025456,-0.0011068068622025456,1.0,1.0,0.0,1.0,0.9988931931377975,0.0011068068622025473,0.0,0.0,0.0,,1.0,,0.8933007826524018,0.888929912005415,0.004370870646986713,0.0,0.00012305420537746877,-0.00012305420537746877,0.0
Diabetes-130 (readmission),0.66,0.0,0.0011068068622025456,-0.0011068068622025456,1.0,1.0,0.0,1.0,0.9988931931377975,0.0011068068622025473,0.0,0.0,0.0,,1.0,,0.8933007826524018,0.888929912005415,0.004370870646986713,0.0,0.00012305420537746877,-0.00012305420537746877,0.0
Diabetes-130 (readmission),0.67,0.0,0.0,0.0,1.0,1.0,0.0,1.0,1.0,0.0,0.0,0.0,0.0,,,,0.8933007826524018,0.888820525441457,0.004480257210944805,0.0,0.0,0.0,
Diabetes-130 (readmission),0.68,0.0,0.0,0.0,1.0,1.0,0.0,1.0,1.0,0.0,0.0,0.0,0.0,,,,0.8933007826524018,0.888820525441457,0.004480257210944805,0.0,0.0,0.0,
Diabetes-130 (readmission),0.69,0.0,0.0,0.0,1.0,1.0,0.0,1.0,1.0,0.0,0.0,0.0,0.0,,,,0.8933007826524018,0.888820525441457,0.004480257210944805,0.0,0.0,0.0,
Diabetes-130 (readmission),0.7,0.0,0.0,0.0,1.0,1.0,0.0,1.0,1.0,0.0,0.0,0.0,0.0,,,,0.8933007826524018,0.888820525441457,0.004480257210944805,0.0,0.0,0.0,
Diabetes-130 (readmission),0.71,0.0,0.0,0.0,1.0,1.0,0.0,1.0,1.0,0.0,0.0,0.0,0.0,,,,0.8933007826524018,0.888820525441457,0.004480257210944805,0.0,0.0,0.0,
Diabetes-130 (readmission),0.72,0.0,0.0,0.0,1.0,1.0,0.0,1.0,1.0,0.0,0.0,0.0,0.0,,,,0.8933007826524018,0.888820525441457,0.004480257210944805,0.0,0.0,0.0,
Diabetes-130 (readmission),0.73,0.0,0.0,0.0,1.0,1.0,0.0,1.0,1.0,0.0,0.0,0.0,0.0,,,,0.8933007826524018,0.888820525441457,0.004480257210944805,0.0,0.0,0.0,
Diabetes-130 (readmission),0.74,0.0,0.0,0.0,1.0,1.0,0.0,1.0,1.0,0.0,0.0,0.0,0.0,,,,0.8933007826524018,0.888820525441457,0.004480257210944805,0.0,0.0,0.0,
Diabetes-130 (readmission),0.75,0.0,0.0,0.0,1.0,1.0,0.0,1.0,1.0,0.0,0.0,0.0,0.0,,,,0.8933007826524018,0.888820525441457,0.004480257210944805,0.0,0.0,0.0,
Diabetes-130 (readmission),0.76,0.0,0.0,0.0,1.0,1.0,0.0,1.0,1.0,0.0,0.0,0.0,0.0,,,,0.8933007826524018,0.888820525441457,0.004480257210944805,0.0,0.0,0.0,
Diabetes-130 (readmission),0.77,0.0,0.0,0.0,1.0,1.0,0.0,1.0,1.0,0.0,0.0,0.0,0.0,,,,0.8933007826524018,0.888820525441457,0.004480257210944805,0.0,0.0,0.0,
Diabetes-130 (readmission),0.78,0.0,0.0,0.0,1.0,1.0,0.0,1.0,1.0,0.0,0.0,0.0,0.0,,,,0.8933007826524018,0.888820525441457,0.004480257210944805,0.0,0.0,0.0,
Diabetes-130 (readmission),0.79,0.0,0.0,0.0,1.0,1.0,0.0,1.0,1.0,0.0,0.0,0.0,0.0,,,,0.8933007826524018,0.888820525441457,0.004480257210944805,0.0,0.0,0.0,
Diabetes-130 (readmission),0.8,0.0,0.0,0.0,1.0,1.0,0.0,1.0,1.0,0.0,0.0,0.0,0.0,,,,0.8933007826524018,0.888820525441457,0.004480257210944805,0.0,0.0,0.0,
Diabetes-130 (readmission),0.81,0.0,0.0,0.0,1.0,1.0,0.0,1.0,1.0,0.0,0.0,0.0,0.0,,,,0.8933007826524018,0.888820525441457,0.004480257210944805,0.0,0.0,0.0,
Diabetes-130 (readmission),0.82,0.0,0.0,0.0,1.0,1.0,0.0,1.0,1.0,0.0,0.0,0.0,0.0,,,,0.8933007826524018,0.888820525441457,0.004480257210944805,0.0,0.0,0.0,
Diabetes-130 (readmission),0.83,0.0,0.0,0.0,1.0,1.0,0.0,1.0,1.0,0.0,0.0,0.0,0.0,,,,0.8933007826524018,0.888820525441457,0.004480257210944805,0.0,0.0,0.0,
Diabetes-130 (readmission),0.84,0.0,0.0,0.0,1.0,1.0,0.0,1.0,1.0,0.0,0.0,0.0,0.0,,,,0.8933007826524018,0.888820525441457,0.004480257210944805,0.0,0.0,0.0,
Diabetes-130 (readmission),0.85,0.0,0.0,0.0,1.0,1.0,0.0,1.0,1.0,0.0,0.0,0.0,0.0,,,,0.8933007826524018,0.888820525441457,0.004480257210944805,0.0,0.0,0.0,
Diabetes-130 (readmission),0.86,0.0,0.0,0.0,1.0,1.0,0.0,1.0,1.0,0.0,0.0,0.0,0.0,,,,0.8933007826524018,0.888820525441457,0.004480257210944805,0.0,0.0,0.0,
Diabetes-130 (readmission),0.87,0.0,0.0,0.0,1.0,1.0,0.0,1.0,1.0,0.0,0.0,0.0,0.0,,,,0.8933007826524018,0.888820525441457,0.004480257210944805,0.0,0.0,0.0,
Diabetes-130 (readmission),0.88,0.0,0.0,0.0,1.0,1.0,0.0,1.0,1.0,0.0,0.0,0.0,0.0,,,,0.8933007826524018,0.888820525441457,0.004480257210944805,0.0,0.0,0.0,
Diabetes-130 (readmission),0.89,0.0,0.0,0.0,1.0,1.0,0.0,1.0,1.0,0.0,0.0,0.0,0.0,,,,0.8933007826524018,0.888820525441457,0.004480257210944805,0.0,0.0,0.0,
Diabetes-130 (readmission),0.9,0.0,0.0,0.0,1.0,1.0,0.0,1.0,1.0,0.0,0.0,0.0,0.0,,,,0.8933007826524018,0.888820525441457,0.004480257210944805,0.0,0.0,0.0,
Diabetes-130 (readmission),0.91,0.0,0.0,0.0,1.0,1.0,0.0,1.0,1.0,0.0,0.0,0.0,0.0,,,,0.8933007826524018,0.888820525441457,0.004480257210944805,0.0,0.0,0.0,
Diabetes-130 (readmission),0.92,0.0,0.0,0.0,1.0,1.0,0.0,1.0,1.0,0.0,0.0,0.0,0.0,,,,0.8933007826524018,0.888820525441457,0.004480257210944805,0.0,0.0,0.0,
Diabetes-130 (readmission),0.93,0.0,0.0,0.0,1.0,1.0,0.0,1.0,1.0,0.0,0.0,0.0,0.0,,,,0.8933007826524018,0.888820525441457,0.004480257210944805,0.0,0.0,0.0,
Diabetes-130 (readmission),0.94,0.0,0.0,0.0,1.0,1.0,0.0,1.0,1.0,0.0,0.0,0.0,0.0,,,,0.8933007826524018,0.888820525441457,0.004480257210944805,0.0,0.0,0.0,
Diabetes-130 (readmission),0.95,0.0,0.0,0.0,1.0,1.0,0.0,1.0,1.0,0.0,0.0,0.0,0.0,,,,0.8933007826524018,0.888820525441457,0.004480257210944805,0.0,0.0,0.0,
Diabetes-130 (readmission),0.96,0.0,0.0,0.0,1.0,1.0,0.0,1.0,1.0,0.0,0.0,0.0,0.0,,,,0.8933007826524018,0.888820525441457,0.004480257210944805,0.0,0.0,0.0,
Diabetes-130 (readmission),0.97,0.0,0.0,0.0,1.0,1.0,0.0,1.0,1.0,0.0,0.0,0.0,0.0,,,,0.8933007826524018,0.888820525441457,0.004480257210944805,0.0,0.0,0.0,
Diabetes-130 (readmission),0.98,0.0,0.0,0.0,1.0,1.0,0.0,1.0,1.0,0.0,0.0,0.0,0.0,,,,0.8933007826524018,0.888820525441457,0.004480257210944805,0.0,0.0,0.0,
Diabetes-130 (readmission),0.99,0.0,0.0,0.0,1.0,1.0,0.0,1.0,1.0,0.0,0.0,0.0,0.0,,,,0.8933007826524018,0.888820525441457,0.004480257210944805,0.0,0.0,0.0,
BRFSS 2022 (heart disease),0.01,0.9873344847438111,0.9871408479003416,0.0001936368434695135,0.29518860382295226,0.24618505370891153,0.04900355011404073,0.012665515256188864,0.012859152099658377,-0.0001936368434695135,0.7048113961770477,0.7538149462910885,-0.049003550114040784,0.1502738225629792,0.09103880220879813,0.05923502035418106,0.9946124647973552,0.9960208903257896,-0.0014084255284343428,0.7364803820340733,0.7703925767309064,-0.03391219469683315,0.9559806315362791
BRFSS 2022 (heart disease),0.02,0.9702072538860104,0.9722724532851115,-0.002065199399101103,0.41592775637764373,0.3588738801038833,0.05705387627376041,0.029792746113989632,0.02772754671488853,0.002065199399101103,0.5840722436223562,0.6411261198961167,-0.05705387627376046,0.17335287764233914,0.1039326446014734,0.06942023304086574,0.9910381851242532,0.9941254097313865,-0.0030872246071332876,0.6273554465668559,0.6646538187009279,-0.037298372134071944,0.9438830093431616
BRFSS 2022 (heart disease),0.03,0.9486183074265976,0.9489652401044806,-0.000346932677882994,0.505759866269351,0.4481274875908595,0.05763237867849147,0.051381692573402415,0.05103475989551942,0.000346932677882994,0.494240133730649,0.5518725124091405,-0.05763237867849147,0.19504616477272727,0.11622985111357205,0.07881631365915522,0.9873368331441543,0.9913649498555159,-0.004028116711361607,0.5451729478575116,0.5800856531049251,-0.03491270524741352,0.939814568658021
BRFSS 2022 (heart disease),0.04,0.9277489925158319,0.9302792847096645,-0.002530292193832606,0.5567991859873538,0.5019286032609531,0.05487058272640066,0.07225100748416813,0.06972071529033552,0.002530292193832606,0.4432008140126462,0.4980713967390469,-0.05487058272640066,0.20902782281600624,0.12499662536108637,0.08403119745491987,0.9838823604957297,0.989487715471538,-0.005605354975808274,0.49751548786783684,0.528779443254818,-0.031263955386981124,0.9408752443276902
BRFSS 2022 (heart disease),0.05,0.9088946459412781,0.9119951778179626,-0.0031005318766844647,0.5972636092739297,0.5429594455457717,0.05430416372815805,0.09110535405872189,0.08800482218203742,0.0031005318766844647,0.40273639072607026,0.4570405544542283,-0.05430416372815805,0.22173455056179775,0.1324095682613769,0.08932498230042085,0.9811067335243553,0.9877551020408163,-0.006648368516461001,0.45947341249354673,0.48936473947180587,-0.029891326978259136,0.9389181022512528
BRFSS 2022 (heart disease),0.06,0.8811168681635003,0.8904962829013462,-0.00937941473784587,0.6407079002834508,0.5916432314477587,0.04906466883569216,0.11888313183649968,0.10950371709865381,0.00937941473784587,0.3592920997165492,0.40835676855224134,-0.04906466883569216,0.2364071671300587,0.14294468634091276,0.09346248078914593,0.977111505209488,0.9860417467025228,-0.008930241493034785,0.41778523489932884,0.44261241970021414,-0.024827184800885305,0.9439076182776321
BRFSS 2022 (heart disease),0.07,0.8521876799078871,0.8659835242113723,-0.013795844303485127,0.6751944181989971,0.6297696433236519,0.04542477487534513,0.14781232009211287,0.13401647578862774,0.013795844303485127,0.32480558180100294,0.37023035667634807,-0.04542477487534513,0.24881287557255116,0.1517498767692416,0.09706299880330957,0.9731060308481944,0.9839848252016904,-0.010878794353496035,0.38392165720185856,0.4054532476802284,-0.021531590478369833,0.9468950104566648
BRFSS 2022 (heart disease),0.08,0.8182210708117443,0.8366485834840265,-0.018427512672282154,0.7104985827458391,0.6717532617214513,0.03874532102438777,0.18177892918825567,0.1633514165159735,0.018427512672282154,0.2895014172541609,0.32824673827854867,-0.03874532102438777,0.26297529836247574,0.16314057357780912,0.09983472478466662,0.9687112916811178,0.9817410052553565,-0.013029713574238655,0.3487674238513165,0.3643683083511777,-0.015600884499861245,0.9571837502266385
BRFSS 2022 (heart disease),0.09,0.7914507772020726,0.8143459915611815,-0.022895214359108906,0.7316665455338324,0.6976779924085258,0.033988553125306575,0.20854922279792742,0.18565400843881852,0.022895214359108906,0.26833345446616763,0.3023220075914742,-0.033988553125306575,0.27132777421423987,0.17082525499452078,0.10050251921971909,0.9652659587218639,0.9800535359640791,-0.014787577242215133,0.32697147651006714,0.3387009279086367,-0.011729451398569568,0.9653692965325045
BRFSS 2022 (heart disease),0.1,0.7643926309729419,0.786618444846293,-0.022225813873351097,0.7551057489643143,0.7256004794615278,0.029505269502786424,0.23560736902705814,0.21338155515370705,0.022225813873351097,0.24489425103568574,0.27439952053847216,-0.029505269502786424,0.28266538932354035,0.17982637453493178,0.10283901478860857,0.9621020951499016,0.9780028583856335,-0.015900763235731863,0.30312661331956636,0.31079229122055674,-0.007665677900990375,0.9753350449237804
BRFSS 2022 (heart disease),0.11,0.7405008635578584,0.7629093831625477,-0.02240851960468937,0.7755650846718511,0.7495274537826748,0.026037630889176322,0.2594991364421416,0.23709061683745225,0.02240851960468937,0.22443491532814885,0.2504725462173252,-0.026037630889176322,0.2940504086414814,0.18894307324840764,0.10510733539307376,0.9594713062242902,0.976378268006566,-0.016906961782275798,0.2822825245224574,0.2868807994289793,-0.004598274906521926,0.9839714790405125
BRFSS 2022 (heart disease),0.12,0.7121473805411629,0.7379947759694595,-0.025847395428296616,0.7937895195871792,0.7706575691915234,0.023131950395655854,0.2878526194588371,0.2620052240305405,0.025847395428296616,0.20621048041282075,0.2293424308084766,-0.023131950395655854,0.30361416211572684,0.19750497392052482,0.10610918819520201,0.9562238711230766,0.9746564826152022,-0.018432611492125606,0.262922689726381,0.26548179871520344,-0.002559108988822445,0.9903605105841258
BRFSS 2022 (heart disease),0.13,0.681203223949338,0.705244122965642,-0.024040899016304018,0.813085980085762,0.7931246446298772,0.019961335455884854,0.31879677605066203,0.294755877034358,0.024040899016304018,0.18691401991423795,0.2068753553701228,-0.019961335455884854,0.31511318242343545,0.20681121847749234,0.1083019639459431,0.952836214973171,0.97236143034779,-0.019525215374619043,0.24232059886422302,0.24228408279800143,3.6516066221597976e-05,1.0001507159108427
BRFSS 2022 (heart disease),0.14,0.6528497409326425,0.6791239702632108,-0.026274229330568333,0.8297114615887783,0.8110429824965808,0.018668479092197487,0.3471502590673575,0.3208760297367892,0.026274229330568333,0.1702885384112217,0.1889570175034192,-0.018668479092197487,0.3261432269197584,0.2156162286297525,0.1105269982900059,0.9498294367251852,0.9706293449074925,-0.02079990818230737,0.22438048528652554,0.22378301213418986,0.0005974731523356869,1.0026698771575093
BRFSS 2022 (heart disease),0.15,0.6259355210132412,0.6503918022905365,-0.024456281277295266,0.8423032197107347,0.8273631152705423,0.014940104440192448,0.37406447898675876,0.3496081977094635,0.024456281277295266,0.15769678028926526,0.1726368847294577,-0.014940104440192448,0.3338194657660424,0.2236887568239928,0.11013070894204957,0.9469115123784623,0.9686932114647618,-0.021781699086299566,0.21018327310273618,0.2065810135617416,0.003602259540994579,1.0174375150885682
BRFSS 2022 (heart disease),0.16,0.6029073114565342,0.6290938316254772,-0.02618652016894296,0.8541500109019551,0.8414703486853227,0.012679662216632415,0.3970926885434658,0.37090616837452284,0.02618652016894296,0.14584998909804492,0.15852965131467733,-0.012679662216632415,0.3429109364767518,0.2328400386703354,0.1100708978064164,0.9445627712586401,0.9673868876207975,-0.02282411636215742,0.19708311822405783,0.19196288365453248,0.005120234569525345,1.026673044663884
BRFSS 2022 (heart disease),0.17,0.582901554404145,0.6090014064697609,-0.026099852065615825,0.8635983719747075,0.8526885190478386,0.010909852926868857,0.41709844559585496,0.39099859353023914,0.026099852065615825,0.13640162802529254,0.1473114809521614,-0.010909852926868857,0.35043696461019297,0.24023143377982087,0.1102055308303721,0.9425307870783509,0.9661170407257151,-0.02358625364736422,0.1864513422818792,0.18011420413990006,0.006337138141979143,1.0351839999085075
BRFSS 2022 (heart disease),0.18,0.5552677029360967,0.5860960417922443,-0.030828338856147552,0.8752998037648085,0.8652590167965208,0.010040786968287696,0.44473229706390327,0.4139039582077557,0.030828338856147552,0.12470019623519146,0.13474098320347916,-0.010040786968287696,0.35985449118552376,0.24963628583654257,0.11021820534898119,0.9397226069484813,0.9647048744967018,-0.024982267548220527,0.1729639907072793,0.16680942184154177,0.006154568865737536,1.036895810786899
BRFSS 2022 (heart disease),0.19,0.5248992515831894,0.5549527828008841,-0.030053531217694718,0.8875645032342466,0.8800424139043843,0.007522089329862314,0.4751007484168106,0.4450472171991159,0.030053531217694718,0.11243549676575337,0.11995758609561569,-0.007522089329862314,0.3708185053380783,0.2613550340651022,0.10946347127297612,0.936700607873593,0.9627618439191689,-0.026061236045575864,0.15866997934950955,0.1508636688079943,0.00780631054151526,1.0517441382885262
BRFSS 2022 (heart disease),0.2,0.493811168681635,0.5266224633313241,-0.03281129464968913,0.8994294643506069,0.8922901971631859,0.007139267187420972,0.506188831318365,0.4733775366686759,0.03281129464968913,0.10057053564939311,0.10770980283681408,-0.007139267187420972,0.38266785634619677,0.27217030114226376,0.110497555203933,0.9336640386283903,0.9610062893081761,-0.027342250679785796,0.14465023231801755,0.13747323340471093,0.007176998913306615,1.0522065185749874
BRFSS 2022 (heart disease),0.21,0.47150259067357514,0.49909584086799275,-0.027593250194417607,0.907733120139545,0.9012954681665207,0.006437651973024261,0.5284974093264249,0.5009041591320073,0.027593250194417607,0.09226687986045501,0.09870453183347927,-0.006437651973024261,0.39214747426382573,0.27888177837655775,0.11326569588726798,0.9315308595935111,0.9592267307786664,-0.027695871185155263,0.1347767165720186,0.12715203426124197,0.00762468231077662,1.059965083178388
BRFSS 2022 (heart disease),0.22,0.44761082325849166,0.475989551938919,-0.028378728680427345,0.916272984955302,0.9103314738831774,0.0059415110721245945,0.5523891767415083,0.524010448061081,0.028378728680427345,0.08372701504469804,0.08966852611682263,-0.0059415110721245945,0.4029541331951283,0.2887615797172111,0.11419255347791718,0.9292743154092802,0.9578307408724898,-0.028556425463209578,0.12451600413009808,0.1171163454675232,0.007399658662574887,1.0631821171761788
BRFSS 2022 (heart disease),0.23,0.42918825561312607,0.4558971267832027,-0.026708871170076642,0.9234682753107057,0.9179229480737019,0.00554532723700385,0.5708117443868739,0.5441028732167973,0.026708871170076587,0.07653172468929426,0.0820770519262981,-0.00554532723700385,0.41451209341117595,0.2981603153745072,0.11635177803666874,0.9276145281985764,0.9566303651505446,-0.029015836951968188,0.11606220960247805,0.1086366880799429,0.007425521522535158,1.0683518768270155
BRFSS 2022 (heart disease),0.24,0.4077432354634427,0.432790837854129,-0.025047602390686263,0.9301184679119122,0.9244233399412967,0.005695127970615554,0.5922567645365573,0.567209162145871,0.025047602390686263,0.06988153208808778,0.07557666005870334,-0.005695127970615554,0.4241652942057194,0.3045814479638009,0.11958384624191853,0.9255944308832836,0.9551748229540474,-0.029580392070763795,0.1077536138358286,0.1009564596716631,0.0067971541641655,1.0673275804863962
BRFSS 2022 (heart disease),0.25,0.3842832469775475,0.4137030339561985,-0.029419786978650997,0.9366233011119994,0.930616384675672,0.006006916436327447,0.6157167530224525,0.5862969660438015,0.029419786978650997,0.06337669888800057,0.06938361532432802,-0.006006916436327447,0.43358233192594997,0.3132035290538485,0.12037880287210145,0.9233690395156379,0.9540298695569979,-0.03066083004136,0.09934821889519876,0.09384725196288365,0.00550096693231511,1.0586161748720222
BRFSS 2022 (heart disease),0.26,0.3611111111111111,0.39340968454892505,-0.03229857343781395,0.9420379388036921,0.9368401641233691,0.0051977746803230085,0.6388888888888888,0.606590315451075,0.03229857343781384,0.05796206119630787,0.06315983587663088,-0.0051977746803230085,0.44025267590805406,0.3226763348714568,0.11757634103659725,0.9211335169228035,0.9528148541777375,-0.03168133725493394,0.09194308208569954,0.08662384011420414,0.0053192419714954,1.0614062129372532
BRFSS 2022 (heart disease),0.27,0.3393782383419689,0.37010247136829416,-0.030724233026325265,0.947416236645105,0.9430793109277273,0.004336925717377649,0.6606217616580311,0.6298975286317059,0.03072423302632521,0.05258376335489501,0.05692068907227266,-0.004336925717377649,0.448971820258949,0.3321312657771367,0.1168405544818123,0.9190932806881478,0.9513983628922238,-0.03230508220407602,0.08473154362416108,0.07917201998572448,0.005559523638436592,1.0702208133560194
BRFSS 2022 (heart disease),0.28,0.3223949337938975,0.35282298573437815,-0.03042805194048065,0.951577149502144,0.9483349469057827,0.003242202596361321,0.6776050662061025,0.6471770142656219,0.030428051940480594,0.048422850497855996,0.05166505309421732,-0.003242202596361321,0.4566768603465851,0.3431027745212974,0.11357408582528772,0.9175178261707458,0.9503942586090064,-0.03287643243826055,0.07913332472896231,0.07306209850107066,0.006071226227891649,1.0830967950886694
BRFSS 2022 (heart disease),0.29,0.3069948186528497,0.33715089411291943,-0.03015607546006971,0.9552111345301257,0.952099949287723,0.0031111852424027253,0.6930051813471503,0.6628491058870806,0.03015607546006971,0.04478886546987426,0.04790005071227699,-0.0031111852424027253,0.4638973466724663,0.34994786235662145,0.11394948431584484,0.9160945178266476,0.9494444870124895,-0.03334996918584188,0.07418043366029943,0.06845110635260528,0.005729327307694154,1.0836995574356572
BRFSS 2022 (heart disease),0.3,0.290587219343696,0.32127787823990356,-0.030690658896207534,0.958717930082128,0.9556959107463925,0.0030220193357355374,0.709412780656304,0.6787221217600965,0.03069065889620748,0.04128206991787198,0.044304089253607515,-0.0030220193357355374,0.4705196923793987,0.356760374832664,0.11375931754673474,0.9145650252196974,0.9484809663250366,-0.03391594110533924,0.06922754259163655,0.06398286937901498,0.0052446732126215645,1.0819699595145338
BRFSS 2022 (heart disease),0.31,0.27331606217616583,0.30560578661844484,-0.03228972444227901,0.9623155752598299,0.9596606887649255,0.002654886494904418,0.7266839378238341,0.6943942133815552,0.032289724442278955,0.037684424740170086,0.040339311235074504,-0.002654886494904418,0.4779763402970048,0.3668596237337192,0.11111671656328559,0.9129647825412421,0.9475600873998543,-0.034595304858612175,0.06409718637067631,0.05918629550321199,0.004910890867464317,1.0829734455537567
BRFSS 2022 (heart disease),0.32,0.2584916522740357,0.29134016475788627,-0.03284851248385057,0.9657133512609928,0.9632412828669341,0.0024720683940586685,0.7415083477259643,0.7086598352421137,0.03284851248385057,0.03428664873900722,0.03675871713306589,-0.0024720683940586685,0.487645940809123,0.3774076002082249,0.1102383406008981,0.9116310183358776,0.9467284920251329,-0.03509747368925531,0.05941855962829117,0.054846538187009276,0.0045720214412818955,1.0833602555861002
BRFSS 2022 (heart disease),0.33,0.24165227403569373,0.27446252762708456,-0.03281025359139084,0.9693655062141144,0.9665913666190279,0.0027741395950865444,0.7583477259643063,0.7255374723729154,0.03281025359139089,0.030634493785885564,0.03340863338097211,-0.0027741395950865444,0.4989598811292719,0.38587570621468925,0.11308417491458267,0.9101144680052543,0.9457074124191851,-0.035592944413930794,0.054288203407330926,0.050535331905781584,0.0037528715015493416,1.0742623301365908
BRFSS 2022 (heart disease),0.34,0.22654001151410477,0.2575848904962829,-0.031044878982178142,0.9719456355839814,0.9690194089714628,0.002926226612518623,0.7734599884858953,0.742415109503717,0.031044878982178226,0.028054364416018607,0.03098059102853723,-0.002926226612518623,0.5048107761385503,0.38872043662825956,0.11609033951029074,0.9087079128868957,0.9446458533077661,-0.035937940420870396,0.05030330407847186,0.04708065667380443,0.0032226474046674336,1.068449499908112
BRFSS 2022 (heart disease),0.35,0.2144502014968336,0.23990355635925256,-0.025453354862418953,0.9748528236063667,0.9714474513238978,0.0034053722824689547,0.7855497985031664,0.7600964436407475,0.025453354862418953,0.025147176393633286,0.02855254867610224,-0.0034053722824689547,0.5184411969380655,0.39121887287024903,0.12722232406781642,0.9076636778886821,0.9435356279291919,-0.035871950040509804,0.04636680433660299,0.04356887937187723,0.002797924964725765,1.0642184284990301
BRFSS 2022 (heart disease),0.36,0.20236039147956247,0.22101667671287925,-0.018656285233316777,0.9772875935751145,0.9742596775928573,0.0030279159822572677,0.7976396085204376,0.7789833232871207,0.01865628523331686,0.02271240642488548,0.025740322407142746,-0.0030279159822572677,0.5293674698795181,0.3963963963963964,0.1329710734831217,0.9065871089536138,0.9423708658491268,-0.03578375689551294,0.04284976768198245,0.03961456102783726,0.003235206654145187,1.081667108512746
BRFSS 2022 (heart disease),0.37,0.19156591824985608,0.20634920634920634,-0.014783288099350256,0.979558834217603,0.9765340463786824,0.003024787838920684,0.8084340817501439,0.7936507936507937,0.014783288099350145,0.020441165782396964,0.023465953621317648,-0.003024787838920684,0.5419381107491856,0.4021143304620204,0.13982378028716524,0.9056410428705819,0.9414780135119118,-0.03583697064132996,0.03962312854930305,0.036459671663097784,0.003163456886205264,1.0867659181200777
BRFSS 2022 (heart disease),0.38,0.17717328727691423,0.19549929676511954,-0.018326009488205314,0.9812668071807544,0.9786393742412368,0.0026274329395176155,0.8228267127230857,0.8045007032348804,0.018326009488205286,0.01873319281924557,0.021360625758763185,-0.0026274329395176155,0.5442086648983201,0.4117647058823529,0.13244395901596717,0.9042731321790964,0.9408453617385909,-0.03657222955949446,0.03649328859060403,0.033733047822983586,0.0027602407676204435,1.081826011752777
BRFSS 2022 (heart disease),0.39,0.16234887737478412,0.18304199316857545,-0.020693115793791322,0.9830837996947452,0.9806217632505033,0.002462036444241922,0.8376511226252159,0.8169580068314246,0.020693115793791295,0.016916200305254758,0.01937823674949668,-0.002462036444241922,0.5478387566779991,0.4194290976058932,0.1284096590721059,0.9028785982478098,0.9400984118565662,-0.03721981360875637,0.033218249870934434,0.031006423982869378,0.002211825888065056,1.0713344398982307
BRFSS 2022 (heart disease),0.4,0.15169833045480713,0.17319670484227445,-0.021498374387467323,0.9847917726578966,0.9825119481198039,0.002279824538092723,0.8483016695451928,0.8268032951577255,0.021498374387467267,0.015208227342103364,0.017488051880196087,-0.002279824538092723,0.5573770491803278,0.431,0.12637704918032783,0.9019186926929925,0.939529757531227,-0.03761106483823451,0.030507872999483737,0.028551034975017844,0.0019568380244658935,1.068538251806918
BRFSS 2022 (heart disease),0.41,0.14248704663212436,0.162748643761302,-0.020261597129177633,0.986299876444509,0.9841716226391898,0.0021282538053192246,0.8575129533678756,0.8372513562386981,0.020261597129177522,0.013700123555490995,0.01582837736081022,-0.0021282538053192246,0.5676605504587156,0.44021739130434784,0.1274431591543677,0.9010956175298804,0.9389092508429849,-0.0378136333131045,0.02813629323696438,0.02626695217701642,0.0018693410599479598,1.0711670332876928
BRFSS 2022 (heart disease),0.42,0.1327000575705239,0.14848302190074342,-0.01578296433021953,0.987698960680282,0.985692990948627,0.0020059697316550107,0.8672999424294761,0.8515169780992566,0.015782964330219418,0.012301039319718043,0.014307009051373054,-0.0020059697316550107,0.5766103814884302,0.4425149700598802,0.13409541142855003,0.9002070050509232,0.9380228136882129,-0.03781580863728973,0.025796979865771813,0.0238401142041399,0.0019568656616319145,1.0820828979624644
BRFSS 2022 (heart disease),0.43,0.12377662636729994,0.14004420333534257,-0.016267576968042624,0.989079874990915,0.9869223794815054,0.0021574955094095793,0.8762233736327001,0.8599557966646574,0.016267576968042707,0.010920125009085013,0.013077620518494593,-0.0021574955094095793,0.5886379192334018,0.4502583979328165,0.13837952130058528,0.8994101415990615,0.937520072406645,-0.038109930807583514,0.023570598864223025,0.02209850107066381,0.0014720977935592135,1.066615278061255
BRFSS 2022 (heart disease),0.44,0.11542890040299367,0.1308016877637131,-0.015372787360719425,0.990279090050149,0.9882286047976887,0.002050485252460321,0.8845710995970063,0.869198312236287,0.015372787360719342,0.009720909949850975,0.011771395202311297,-0.002050485252460321,0.599850411368736,0.45942131263232183,0.14042909873641413,0.8986594555377843,0.9369690964987688,-0.03830964096098455,0.021570082601961797,0.02022840827980014,0.001341674322161656,1.0663262429551335
BRFSS 2022 (heart disease),0.45,0.10852043753598158,0.12356841470765521,-0.015047977171673638,0.9911512464568646,0.9894118912605843,0.0017393551962803233,0.8914795624640184,0.8764315852923448,0.01504797717167361,0.008848753543135413,0.010588108739415736,-0.0017393551962803233,0.6075745366639806,0.47162576687116564,0.135948769792815,0.8980294025649046,0.9365490355802519,-0.03851963301534733,0.020021295818275685,0.018615274803711633,0.0014060210145640517,1.0755305000538433
BRFSS 2022 (heart disease),0.46,0.0970063327576281,0.10970464135021098,-0.012698308592582877,0.9922777818155389,0.9908410554300555,0.0014367263854834222,0.902993667242372,0.890295358649789,0.012698308592582919,0.0077222181844610605,0.009158944569944483,-0.0014367263854834222,0.6132848043676069,0.47810858143607704,0.13517622293152987,0.8969532725630287,0.935696871190573,-0.038743598627544285,0.01773038203407331,0.01630264097073519,0.0014277410633381192,1.0875772867660554
BRFSS 2022 (heart disease),0.47,0.08592400690846287,0.09764918625678119,-0.011725179348318321,0.9934224870993531,0.9922855869561876,0.0011369001431654757,0.9140759930915371,0.9023508137432188,0.011725179348318293,0.006577512900646898,0.007714413043812374,-0.0011369001431654757,0.6225234619395204,0.49190283400809715,0.1306206279314232,0.8959278984022941,0.9349714749066057,-0.03904357650431156,0.015471734641197728,0.014104211277658815,0.0013675233635389132,1.0969585137812763
BRFSS 2022 (heart disease),0.48,0.07599309153713299,0.08961221619449468,-0.01361912465736169,0.9942583036557889,0.9932537304258294,0.0010045732299595045,0.924006908462867,0.9103877838055053,0.013619124657361703,0.005741696344211067,0.006746269574170571,-0.0010045732299595045,0.6255924170616114,0.503954802259887,0.12163761480172441,0.8949950932286556,0.9344899877105473,-0.039494894481891696,0.013616417139907072,0.012633832976445396,0.0009825841634616764,1.0777740346333224
BRFSS 2022 (heart disease),0.49,0.07023603914795624,0.08338356439622262,-0.013147525248266373,0.9949305908859656,0.9940528329722005,0.0008777579137650982,0.9297639608520437,0.9166164356037774,0.013147525248266345,0.005069409114034418,0.005947167027799516,-0.0008777579137650982,0.636245110821382,0.5174563591022444,0.11878875171913761,0.8944737572896417,0.9341208410351202,-0.03964708374547843,0.012374161073825503,0.011448965024982155,0.0009251960488433474,1.0808104528946092
BRFSS 2022 (heart disease),0.5,0.06347150259067358,0.07635121559172192,-0.012879713001048343,0.9955483683407225,0.9947443640219445,0.0008040043187779178,0.9365284974093264,0.9236487844082781,0.012879713001048287,0.004451631659277533,0.005255635978055451,-0.0008040043187779178,0.6428571428571429,0.5263157894736842,0.11654135338345872,0.8938464550230024,0.9336920147703669,-0.03984555974736448,0.011067372225090346,0.010306923625981441,0.0007604485991089052,1.0737803661600815
BRFSS 2022 (heart disease),0.51,0.05886586067933218,0.07112718505123568,-0.012261324371903498,0.9959299367686605,0.9950363437985033,0.0008935929701572309,0.9411341393206678,0.9288728149487643,0.012261324371903526,0.004070063231339516,0.004963656201496747,-0.0008935929701572309,0.6461295418641391,0.5228951255539144,0.12323441631022469,0.8934165702270541,0.9333602410159573,-0.03994367078890315,0.010212312854930305,0.00966452533904354,0.0005477875158867648,1.0566802296718876
BRFSS 2022 (heart disease),0.52,0.055267702936096716,0.0650994575045208,-0.009831754568424084,0.9962933352714587,0.9955127318549937,0.00078060341646502,0.9447322970639033,0.9349005424954792,0.009831754568424111,0.003706664728541309,0.004487268145006329,-0.00078060341646502,0.6530612244897959,0.525974025974026,0.12708719851576988,0.8930874975568441,0.932986721202869,-0.03989922364602483,0.009486319050077439,0.008793718772305496,0.0006926002777719424,1.0787607945745528
BRFSS 2022 (heart disease),0.53,0.051237766263673,0.06168374522804902,-0.010445978964376025,0.9966749036993967,0.9958047116315523,0.0008701920678444441,0.948762233736327,0.938316254771951,0.010445978964375935,0.003325096300603292,0.004195288368447736,-0.0008701920678444441,0.660482374768089,0.5293103448275862,0.1311720299405028,0.8927170640410123,0.932776738160357,-0.040059674119344746,0.008695792462570986,0.008279800142755174,0.00041599231981581143,1.0502418310398234
BRFSS 2022 (heart disease),0.54,0.04691997697179044,0.05565601768133414,-0.008736040709543695,0.9972926811541536,0.9962657323313817,0.0010269488227718782,0.9530800230282096,0.9443439823186659,0.008736040709543702,0.002707318845846407,0.003734267668618285,-0.0010269488227718782,0.6863157894736842,0.5326923076923077,0.15362348178137653,0.8923409582337544,0.9324032791600748,-0.04006232092632045,0.007663267940113578,0.0074232690935046395,0.00023999884660893828,1.032330613855685
BRFSS 2022 (heart disease),0.55,0.04418537708693149,0.05304400241109102,-0.008858625324159534,0.997438040555273,0.9965423447512793,0.0008956958039936236,0.9558146229130685,0.946955997588909,0.008858625324159486,0.0025619594447270355,0.003457655248720659,-0.0008956958039936236,0.6852678571428571,0.5398773006134969,0.14539055652936017,0.8920794331773271,0.9322465174451201,-0.04016708426779303,0.007227671657201859,0.006980728051391863,0.0002469436058099954,1.0353750502801435
BRFSS 2022 (heart disease),0.56,0.03511801957397812,0.0450070323488045,-0.00988901277482638,0.9979649683843302,0.9970955695910746,0.0008693987932556491,0.9648819804260219,0.9549929676511955,0.009889012774826456,0.002035031615669758,0.002904430408925407,-0.0008693987932556491,0.6853932584269663,0.5423728813559322,0.1430203770710341,0.8912182774063737,0.9317460545399716,-0.0405277771335979,0.005743417656169334,0.005895788722341185,-0.0001523710661718511,0.9741559487037816
BRFSS 2022 (heart disease),0.57,0.03238341968911917,0.04139039582077557,-0.009006976131656401,0.9981466676357293,0.9972799778710064,0.0008666897647229277,0.9676165803108808,0.9586096041792245,0.009006976131656352,0.0018533323642706545,0.002720022128993582,-0.0008666897647229277,0.6880733944954128,0.5378590078328982,0.15021438666251463,0.8909612858231831,0.9315170740809853,-0.04055578825780215,0.0052755549819308205,0.005467523197715918,-0.00019196821578509708,0.9648893641886526
BRFSS 2022 (heart disease),0.58,0.028065630397236616,0.03596544102873217,-0.007899810631495554,0.9984918962133876,0.9977102638575138,0.000781632355873807,0.9719343696027634,0.9640345589712678,0.007899810631495585,0.0015081037866123692,0.002289736142486176,-0.000781632355873807,0.7014388489208633,0.5457317073170732,0.15570714160379007,0.8905616957832302,0.9311838444106595,-0.0406221486274293,0.004485028394424368,0.004682369735902927,-0.00019734134147855915,0.9578543872848382
BRFSS 2022 (heart disease),0.59,0.026050662061024757,0.03455897126783203,-0.008508309206807271,0.9986372556145069,0.9979254068507676,0.0007118487637393089,0.9739493379389752,0.965441028732168,0.00850830920680723,0.0013627443854931087,0.0020745931492324177,-0.0007118487637393089,0.70703125,0.5602605863192183,0.14677066368078173,0.8903738983929497,0.9311041968369586,-0.04073029844400888,0.004130098089829634,0.004382583868665239,-0.0002524857788356056,0.9423888312461428
BRFSS 2022 (heart disease),0.6,0.022308578008059875,0.030540486236688768,-0.008231908228628893,0.9989098044916055,0.9982788560539702,0.0006309484376353369,0.9776914219919401,0.9694595137633112,0.008231908228628959,0.0010901955083945092,0.001721143946029846,-0.0006309484376353369,0.7209302325581395,0.5757575757575758,0.14517265680056368,0.8900257410675257,0.9308600578912676,-0.040834316823741834,0.0034686370676303563,0.0037687366167023554,-0.0003000995490719991,0.9203713128314639
BRFSS 2022 (heart disease),0.61,0.02144502014968336,0.0287321679726743,-0.00728714782299094,0.9990369939675848,0.998463264333902,0.0005737296336828512,0.9785549798503166,0.9712678320273257,0.0072871478229908915,0.0009630060324151701,0.0015367356660980214,-0.0005737296336828512,0.7376237623762376,0.588477366255144,0.1491463961210936,0.8899517658865042,0.930751930322174,-0.040800164435669806,0.003258905524006195,0.003468950749464668,-0.00021004522545847292,0.9394499257474649
BRFSS 2022 (heart disease),0.62,0.016983304548071388,0.02250351617440225,-0.005520211626330863,0.9993822225452431,0.9988628156070875,0.0005194069381556643,0.9830166954519286,0.9774964838255977,0.005520211626330873,0.0006177774547568848,0.0011371843929125491,-0.0005194069381556643,0.7763157894736842,0.6021505376344086,0.17416525183927556,0.8895393970759478,0.9303647085766632,-0.040825311500715444,0.002452245740836345,0.0026552462526766595,-0.00020300051184031455,0.9235473878794944
BRFSS 2022 (heart disease),0.63,0.013241220495106506,0.01768133413703034,-0.0044401136419238325,0.9996002616469221,0.9990625912436801,0.0005376704032419299,0.9867587795048935,0.9823186658629697,0.004440113641923871,0.0003997383530779386,0.0009374087563198685,-0.0005376704032419299,0.8070175438596491,0.5906040268456376,0.21641351701401146,0.8891870050105058,0.9300582252042174,-0.04087122019371159,0.0018391843056272587,0.0021270521056388292,-0.00028786780001157047,0.864663494021406
BRFSS 2022 (heart disease),0.64,0.011658031088082901,0.014667470363672896,-0.0030094392755899944,0.9996911112726216,0.999185530096968,0.00050558117565358,0.9883419689119171,0.9853325296363271,0.0030094392755899424,0.0003088887273784424,0.0008144699030320224,-0.00050558117565358,0.826530612244898,0.5793650793650794,0.24716553287981857,0.8890379084122418,0.929866712430639,-0.04082880401839717,0.0015810531750129065,0.0017987152034261242,-0.00021766202841321772,0.8789902770607468
BRFSS 2022 (heart disease),0.65,0.008059873344847437,0.01225637934498694,-0.004196506000139502,0.9998364706737408,0.9993699383768998,0.0004665322968410157,0.9919401266551525,0.9877436206550131,0.004196506000139433,0.00016352932625918193,0.0006300616231001976,-0.0004665322968410157,0.8615384615384616,0.5980392156862745,0.2634992458521871,0.8886932928503367,0.929719219991994,-0.041025927141657315,0.0010486577181208054,0.00145610278372591,-0.00040744506560510467,0.7201811093564943
BRFSS 2022 (heart disease),0.66,0.006620610247553253,0.0108499095840868,-0.004229299336533546,0.9998728105240207,0.9995082445868486,0.00036456593717204555,0.9933793897524468,0.9891500904159132,0.0042292993365335985,0.00012718947597933905,0.0004917554131513846,-0.00036456593717204555,0.8679245283018868,0.627906976744186,0.24001755155770077,0.8885533900631348,0.929635240981076,-0.04108185091794114,0.0008550593701600413,0.0012276945039257673,-0.000372635133765726,0.6964756846478011
BRFSS 2022 (heart disease),0.67,0.005325273459988486,0.008639742816958007,-0.0033144693569695212,0.9998728105240207,0.9996311834401365,0.0002416270838841994,0.9946747265400115,0.991360257183042,0.0033144693569695516,0.00012718947597933905,0.00036881655986353845,-0.0002416270838841994,0.8409090909090909,0.6417910447761194,0.19911804613297157,0.8884242815628027,0.9294971635968735,-0.04107288203407078,0.0007098606091894683,0.0009564596716630978,-0.0002465990624736295,0.7421751593092873
BRFSS 2022 (heart disease),0.68,0.004749568221070812,0.008438818565400843,-0.0036892503443300313,0.9999091503743005,0.9996619181534584,0.0002472322208421085,0.9952504317789291,0.9915611814345991,0.0036892503443299862,9.084962569949617e-05,0.00033808184654160467,-0.0002472322208421085,0.868421052631579,0.65625,0.21217105263157898,0.888370516256094,0.9294858971794359,-0.04111538092334188,0.0006130614352090862,0.000913633119200571,-0.0003005716839914848,0.6710148990061952
BRFSS 2022 (heart disease),0.69,0.004461715601611974,0.007635121559172192,-0.0031734059575602176,0.9999091503743005,0.9997387549367633,0.00017039543753716302,0.995538284398388,0.9923648784408278,0.003173405957560216,9.084962569949617e-05,0.0002612450632366592,-0.00017039543753716302,0.8611111111111112,0.6909090909090909,0.17020202020202024,0.8883418350874928,0.9294378169869276,-0.041095981899434864,0.0005807950438822922,0.0007851534618129908,-0.0002043584179306986,0.7397216877082649
BRFSS 2022 (heart disease),0.7,0.003742084052964882,0.007032348804500703,-0.0032902647515358208,0.9999091503743005,0.9997694896500853,0.00013966072421522924,0.9962579159470352,0.9929676511954993,0.0032902647515358208,9.084962569949617e-05,0.0002305103499147254,-0.00013966072421522924,0.8387096774193549,0.7,0.13870967741935492,0.8882701402676222,0.9294,-0.041129859732377816,0.0005001290655653072,0.0007137758743754461,-0.00021364680881013893,0.7006808208569953
BRFSS 2022 (heart disease),0.71,0.0034542314335060447,0.006027727546714889,-0.002573496113208844,0.9999091503743005,0.9998155917200683,9.355865423221754e-05,0.9965457685664939,0.9939722724532851,0.002573496113208784,9.084962569949617e-05,0.00018440827993171371,-9.355865423221754e-05,0.8275862068965517,0.7142857142857143,0.11330049261083741,0.8882414655798564,0.9293366472403154,-0.041095181660459,0.00046786267423851315,0.0005995717344753747,-0.0001317090602368616,0.7803281031049487
BRFSS 2022 (heart disease),0.72,0.0030224525043177895,0.005023106288929074,-0.002000653784611284,0.9999091503743005,0.9998463264333902,6.282394091028376e-05,0.9969775474956822,0.9949768937110709,0.0020006537846113392,9.084962569949617e-05,0.00015367356660977993,-6.282394091028376e-05,0.8076923076923077,0.7142857142857143,0.09340659340659341,0.8881984570192711,0.9292722987931158,-0.041073841773844655,0.00041946308724832214,0.0004996431120628123,-8.018002481449015e-05,0.8395254074784275
BRFSS 2022 (heart disease),0.73,0.002446747265400115,0.004420333534257585,-0.0019735862688574695,0.9999091503743005,0.9998770611467122,3.208922758834998e-05,0.9975532527345999,0.9955796664657424,0.0019735862688575745,9.084962569949617e-05,0.00012293885328784615,-3.208922758834998e-05,0.7727272727272727,0.7333333333333333,0.039393939393939426,0.8881411187502017,0.9292345044273065,-0.04109338567710474,0.00035493030459473414,0.00042826552462526765,-7.333522003053351e-05,0.8287622612287042
BRFSS 2022 (heart disease),0.74,0.002158894645941278,0.003817560779586096,-0.001658666133644818,0.9999454902245802,0.9999077958600341,3.769436454614805e-05,0.9978411053540587,0.9961824392204139,0.0016586661336447373,5.450977541976432e-05,9.220413996591237e-05,-3.769436454614805e-05,0.8333333333333334,0.76,0.07333333333333336,0.8881160636478068,0.9291967154587647,-0.04108065181095788,0.0002903975219411461,0.00035688793718772306,-6.649041524657697e-05,0.8136938564790913
BRFSS 2022 (heart disease),0.75,0.001871042026482441,0.00341571227647177,-0.0015446702499893289,0.9999454902245802,0.9999692652866781,-2.3775062097830535e-05,0.9981289579735175,0.9965842877235283,0.0015446702499892773,5.450977541976432e-05,3.073471332193378e-05,2.3775062097830535e-05,0.8125,0.8947368421052632,-0.08223684210526316,0.8880873999483604,0.9291742228441691,-0.04108682289580867,0.0002581311306143521,0.0002712348322626695,-1.3103701648317396e-05,0.9516887210281771
BRFSS 2022 (heart disease),0.76,0.001871042026482441,0.0032147880249146074,-0.0013437459984321663,0.9999636601497202,0.9999692652866781,-5.605136957909096e-06,0.9981289579735175,0.9967852119750854,0.001343745998432122,3.633985027984288e-05,3.073471332193378e-05,5.605136957909096e-06,0.8666666666666667,0.8888888888888888,-0.022222222222222143,0.8880892058932692,0.9291609549920037,-0.041071749098734456,0.0002419979349509551,0.0002569593147751606,-1.4961379824205502e-05,0.9417752968508003
BRFSS 2022 (heart disease),0.77,0.0017271157167530224,0.0032147880249146074,-0.001487672308161585,0.9999636601497202,1.0,-3.633985027984288e-05,0.998272884283247,0.9967852119750854,0.0014876723081616028,3.633985027984288e-05,0.0,3.633985027984288e-05,0.8571428571428571,1.0,-0.1428571428571429,0.8880748749394869,0.929162977982123,-0.041088103042636104,0.00022586473928755808,0.00022840827980014276,-2.5435405125846745e-06,0.9888640616933402
BRFSS 2022 (heart disease),0.78,0.0017271157167530224,0.0032147880249146074,-0.001487672308161585,0.9999636601497202,1.0,-3.633985027984288e-05,0.998272884283247,0.9967852119750854,0.0014876723081616028,3.633985027984288e-05,0.0,3.633985027984288e-05,0.8571428571428571,1.0,-0.1428571428571429,0.8880748749394869,0.929162977982123,-0.041088103042636104,0.00022586473928755808,0.00022840827980014276,-2.5435405125846745e-06,0.9888640616933402
BRFSS 2022 (heart disease),0.79,0.0015831894070236039,0.0026120152702431183,-0.0010288258632195145,0.9999636601497202,1.0,-3.633985027984288e-05,0.9984168105929764,0.9973879847297569,0.0010288258632195069,3.633985027984288e-05,0.0,3.633985027984288e-05,0.8461538461538461,1.0,-0.15384615384615385,0.8880605444482097,0.9291231777489042,-0.041062633300694484,0.00020973154362416107,0.00018558172733761598,2.4149816286545087e-05,1.1301303562209604
BRFSS 2022 (heart disease),0.8,0.0012953367875647669,0.0024110910186859553,-0.0011157542311211884,0.9999818300748601,1.0,-1.816992513992144e-05,0.9987046632124352,0.997588908981314,0.001115754231121202,1.816992513992144e-05,0.0,1.816992513992144e-05,0.9,1.0,-0.09999999999999998,0.8880336915480685,0.9291099117621863,-0.04107622021411772,0.00016133195663397006,0.00017130620985010707,-9.97425321613702e-06,0.9417752968508002
BRFSS 2022 (heart disease),0.81,0.0012953367875647669,0.0020092425155716293,-0.0007139057280068624,0.9999818300748601,1.0,-1.816992513992144e-05,0.9987046632124352,0.9979907574844283,0.0007139057280068917,1.816992513992144e-05,0.0,1.816992513992144e-05,0.9,1.0,-0.09999999999999998,0.8880336915480685,0.9290833809251856,-0.04104968937711706,0.00016133195663397006,0.00014275517487508923,1.8576781758880822e-05,1.1301303562209601
BRFSS 2022 (heart disease),0.82,0.0011514104778353484,0.0016073940124573037,-0.0004559835346219553,0.9999818300748601,1.0,-1.816992513992144e-05,0.9988485895221646,0.9983926059875426,0.00045598353462195096,1.816992513992144e-05,0.0,1.816992513992144e-05,0.8888888888888888,1.0,-0.11111111111111116,0.8880193626462283,0.9290568516033237,-0.04103748895709547,0.00014519876097057304,0.00011420413990007138,3.099462107050166e-05,1.27139665074858
BRFSS 2022 (heart disease),0.83,0.0010074841681059297,0.0012055455093429777,-0.00019806134123704798,0.9999818300748601,1.0,-1.816992513992144e-05,0.9989925158318941,0.9987944544906571,0.00019806134123701025,1.816992513992144e-05,0.0,1.816992513992144e-05,0.875,1.0,-0.125,0.8880050342067898,0.9290303237964708,-0.04102528958968099,0.00012906556530717606,8.565310492505354e-05,4.341246038212252e-05,1.5068404749612803
BRFSS 2022 (heart disease),0.84,0.0010074841681059297,0.0010046212577858146,2.8629103201150384e-06,0.9999818300748601,1.0,-1.816992513992144e-05,0.9989925158318941,0.9989953787422142,-2.8629103201449624e-06,1.816992513992144e-05,0.0,1.816992513992144e-05,0.875,1.0,-0.125,0.8880050342067898,0.9290170604611321,-0.041012026254342304,0.00012906556530717606,7.137758743754462e-05,5.768797786963144e-05,1.8082085699535364
BRFSS 2022 (heart disease),0.85,0.0008635578583765112,0.0008036970062286518,5.986085214785934e-05,0.9999818300748601,1.0,-1.816992513992144e-05,0.9991364421416234,0.9991963029937714,-5.9860852147930466e-05,1.816992513992144e-05,0.0,1.816992513992144e-05,0.8571428571428571,1.0,-0.1428571428571429,0.8879907062297304,0.929003797504497,-0.0410130912747666,0.00011293236964377904,5.710206995003569e-05,5.583029969374335e-05,1.9777281233866804
BRFSS 2022 (heart disease),0.86,0.0008635578583765112,0.0008036970062286518,5.986085214785934e-05,0.9999818300748601,1.0,-1.816992513992144e-05,0.9991364421416234,0.9991963029937714,-5.9860852147930466e-05,1.816992513992144e-05,0.0,1.816992513992144e-05,0.8571428571428571,1.0,-0.1428571428571429,0.8879907062297304,0.929003797504497,-0.0410130912747666,0.00011293236964377904,5.710206995003569e-05,5.583029969374335e-05,1.9777281233866804
BRFSS 2022 (heart disease),0.87,0.0007196315486470927,0.0008036970062286518,-8.406545758155915e-05,0.9999818300748601,1.0,-1.816992513992144e-05,0.9992803684513529,0.9991963029937714,8.406545758155026e-05,1.816992513992144e-05,0.0,1.816992513992144e-05,0.8333333333333334,1.0,-0.16666666666666663,0.8879763787150279,0.929003797504497,-0.04102741878946914,9.679917398038203e-05,5.710206995003569e-05,3.969710403034634e-05,1.6951955343314402
BRFSS 2022 (heart disease),0.88,0.0007196315486470927,0.0008036970062286518,-8.406545758155915e-05,0.9999818300748601,1.0,-1.816992513992144e-05,0.9992803684513529,0.9991963029937714,8.406545758155026e-05,1.816992513992144e-05,0.0,1.816992513992144e-05,0.8333333333333334,1.0,-0.16666666666666663,0.8879763787150279,0.929003797504497,-0.04102741878946914,9.679917398038203e-05,5.710206995003569e-05,3.969710403034634e-05,1.6951955343314402
BRFSS 2022 (heart disease),0.89,0.0005757052389176742,0.0006027727546714888,-2.7067515753814633e-05,1.0,1.0,0.0,0.9994242947610823,0.9993972272453285,2.706751575376476e-05,0.0,0.0,0.0,1.0,1.0,0.0,0.8879638593094547,0.9289905349265494,-0.04102667561709472,6.453278265358803e-05,4.282655246252677e-05,2.170623019106126e-05,1.5068404749612803
BRFSS 2022 (heart disease),0.9,0.0004317789291882556,0.0006027727546714888,-0.00017099382548323324,1.0,1.0,0.0,0.9995682210708118,0.9993972272453285,0.0001709938254832455,0.0,0.0,0.0,1.0,1.0,0.0,0.8879495329213791,0.9289905349265494,-0.041041002005170246,4.8399586990191014e-05,4.282655246252677e-05,5.573034527664245e-06,1.1301303562209601
BRFSS 2022 (heart disease),0.91,0.0002878526194588371,0.0006027727546714888,-0.00031492013521265173,1.0,1.0,0.0,0.9997121473805411,0.9993972272453285,0.0003149201352126152,0.0,0.0,0.0,1.0,1.0,0.0,0.8879352069955794,0.9289905349265494,-0.04105532793097,3.2266391326794014e-05,4.282655246252677e-05,-1.0560161135732755e-05,0.7534202374806401
BRFSS 2022 (heart disease),0.92,0.0002878526194588371,0.0006027727546714888,-0.00031492013521265173,1.0,1.0,0.0,0.9997121473805411,0.9993972272453285,0.0003149201352126152,0.0,0.0,0.0,1.0,1.0,0.0,0.8879352069955794,0.9289905349265494,-0.04105532793097,3.2266391326794014e-05,4.282655246252677e-05,-1.0560161135732755e-05,0.7534202374806401
BRFSS 2022 (heart disease),0.93,0.0002878526194588371,0.0006027727546714888,-0.00031492013521265173,1.0,1.0,0.0,0.9997121473805411,0.9993972272453285,0.0003149201352126152,0.0,0.0,0.0,1.0,1.0,0.0,0.8879352069955794,0.9289905349265494,-0.04105532793097,3.2266391326794014e-05,4.282655246252677e-05,-1.0560161135732755e-05,0.7534202374806401
BRFSS 2022 (heart disease),0.94,0.0002878526194588371,0.0006027727546714888,-0.00031492013521265173,1.0,1.0,0.0,0.9997121473805411,0.9993972272453285,0.0003149201352126152,0.0,0.0,0.0,1.0,1.0,0.0,0.8879352069955794,0.9289905349265494,-0.04105532793097,3.2266391326794014e-05,4.282655246252677e-05,-1.0560161135732755e-05,0.7534202374806401
BRFSS 2022 (heart disease),0.95,0.0002878526194588371,0.0006027727546714888,-0.00031492013521265173,1.0,1.0,0.0,0.9997121473805411,0.9993972272453285,0.0003149201352126152,0.0,0.0,0.0,1.0,1.0,0.0,0.8879352069955794,0.9289905349265494,-0.04105532793097,3.2266391326794014e-05,4.282655246252677e-05,-1.0560161135732755e-05,0.7534202374806401
BRFSS 2022 (heart disease),0.96,0.0002878526194588371,0.0006027727546714888,-0.00031492013521265173,1.0,1.0,0.0,0.9997121473805411,0.9993972272453285,0.0003149201352126152,0.0,0.0,0.0,1.0,1.0,0.0,0.8879352069955794,0.9289905349265494,-0.04105532793097,3.2266391326794014e-05,4.282655246252677e-05,-1.0560161135732755e-05,0.7534202374806401
BRFSS 2022 (heart disease),0.97,0.00014392630972941855,0.0006027727546714888,-0.0004588464449420703,1.0,1.0,0.0,0.9998560736902706,0.9993972272453285,0.0004588464449420959,0.0,0.0,0.0,1.0,1.0,0.0,0.887920881532033,0.9289905349265494,-0.0410696533945164,1.6133195663397007e-05,4.282655246252677e-05,-2.6693356799129762e-05,0.37671011874032007
BRFSS 2022 (heart disease),0.98,0.00014392630972941855,0.0004018485031143259,-0.0002579221933849074,1.0,1.0,0.0,0.9998560736902706,0.9995981514968857,0.0002579221933849407,0.0,0.0,0.0,1.0,1.0,0.0,0.887920881532033,0.9289772727272727,-0.04105639119523974,1.6133195663397007e-05,2.8551034975017845e-05,-1.2417839311620838e-05,0.5650651781104802
BRFSS 2022 (heart disease),0.99,0.00014392630972941855,0.0004018485031143259,-0.0002579221933849074,1.0,1.0,0.0,0.9998560736902706,0.9995981514968857,0.0002579221933849407,0.0,0.0,0.0,1.0,1.0,0.0,0.887920881532033,0.9289772727272727,-0.04105639119523974,1.6133195663397007e-05,2.8551034975017845e-05,-1.2417839311620838e-05,0.5650651781104802
NHANES 2017-18 (diabetes),0.01,0.9698795180722891,0.98,-0.010120481927710867,0.24745269286754004,0.22709163346613545,0.02036105940140459,0.030120481927710885,0.020000000000000018,0.010120481927710867,0.75254730713246,0.7729083665338645,-0.020361059401404535,0.2374631268436578,0.20164609053497942,0.035817036308678385,0.9714285714285714,0.9827586206896551,-0.011330049261083719,0.794841735052755,0.8073089700996677,-0.012467235046912717,0.9845570462999147
NHANES 2017-18 (diabetes),0.02,0.963855421686747,0.9666666666666667,-0.0028112449799196915,0.28820960698689957,0.2549800796812749,0.03322952730562467,0.03614457831325302,0.033333333333333326,0.0028112449799196915,0.7117903930131004,0.7450199203187251,-0.03322952730562467,0.2465331278890601,0.20538243626062322,0.041150691628436875,0.9705882352941176,0.9746192893401016,-0.004031054045983917,0.7608440797186401,0.7818383167220376,-0.02099423700339753,0.9731475977137848
NHANES 2017-18 (diabetes),0.03,0.963855421686747,0.96,0.003855421686747018,0.3042212518195051,0.2788844621513944,0.025336789668110704,0.03614457831325302,0.040000000000000036,-0.003855421686747018,0.6957787481804949,0.7211155378486056,-0.025336789668110704,0.2507836990595611,0.2096069868995633,0.0411767121599978,0.9720930232558139,0.9722222222222222,-0.00012919896640828377,0.7479484173505275,0.760797342192691,-0.01284892484216349,0.9831112385262393
NHANES 2017-18 (diabetes),0.04,0.9518072289156626,0.9533333333333334,-0.0015261044176707594,0.33770014556040756,0.3333333333333333,0.004366812227074246,0.048192771084337394,0.046666666666666634,0.0015261044176707594,0.6622998544395924,0.6666666666666667,-0.004366812227074357,0.25774877650897227,0.22170542635658916,0.03604335015238311,0.9666666666666667,0.9728682170542635,-0.006201550387596844,0.7186400937866354,0.7142857142857143,0.004354379500921102,1.0060961313012895
NHANES 2017-18 (diabetes),0.05,0.9397590361445783,0.9266666666666666,0.013092369477911703,0.38573508005822416,0.37317397078353254,0.012561109274691618,0.06024096385542166,0.07333333333333336,-0.013092369477911703,0.6142649199417758,0.6268260292164675,-0.012561109274691673,0.2698961937716263,0.22749590834697217,0.042400285424654155,0.9636363636363636,0.9623287671232876,0.0013075965130759926,0.6776084407971864,0.6766334440753046,0.0009749967218818378,1.0014409526020611
NHANES 2017-18 (diabetes),0.06,0.9156626506024096,0.9133333333333333,0.0023293172690762587,0.4556040756914119,0.45152722443559096,0.004076851255820968,0.08433734939759041,0.08666666666666667,-0.0023293172690762587,0.5443959243085881,0.548472775564409,-0.0040768512558209125,0.2889733840304182,0.24909090909090909,0.03988247493950914,0.9571865443425076,0.9631728045325779,-0.005986260190070314,0.6166471277842908,0.6090808416389811,0.007566286145309631,1.0124224661622083
NHANES 2017-18 (diabetes),0.07,0.9096385542168675,0.8866666666666667,0.022971887550200742,0.4992721979621543,0.49933598937583,-6.379141367574004e-05,0.09036144578313254,0.11333333333333329,-0.022971887550200742,0.5007278020378457,0.50066401062417,6.379141367574004e-05,0.30505050505050507,0.2607843137254902,0.04426619132501486,0.9581005586592178,0.9567430025445293,0.001357556114688574,0.5803048065650644,0.5647840531561462,0.01552075340891823,1.0274808633887318
NHANES 2017-18 (diabetes),0.08,0.9096385542168675,0.88,0.029638554216867452,0.5254730713245997,0.5192563081009296,0.006216763223670152,0.09036144578313254,0.12,-0.029638554216867452,0.47452692867540025,0.4807436918990704,-0.006216763223670152,0.3165618448637317,0.26720647773279355,0.04935536713093813,0.9601063829787234,0.9559902200488998,0.004116162929823641,0.5592028135990621,0.5470653377630121,0.01213747583604996,1.0221865195950468
NHANES 2017-18 (diabetes),0.09,0.8975903614457831,0.86,0.037590361445783094,0.5487627365356623,0.5365205843293492,0.012242152206313084,0.10240963855421692,0.14,-0.037590361445783094,0.4512372634643377,0.46347941567065076,-0.012242152206313084,0.32461873638344224,0.2698744769874477,0.05474425939599453,0.9568527918781726,0.9505882352941176,0.006264556584055003,0.5381008206330598,0.5293466223698782,0.008754198263181578,1.0165377427440438
NHANES 2017-18 (diabetes),0.1,0.8795180722891566,0.8333333333333334,0.0461847389558232,0.586608442503639,0.5617529880478087,0.02485545445583026,0.12048192771084343,0.16666666666666663,-0.0461847389558232,0.41339155749636103,0.4382470119521913,-0.02485545445583026,0.3395348837209302,0.27472527472527475,0.06480960899565547,0.9527186761229315,0.9441964285714286,0.008522247551502882,0.5041031652989449,0.5038759689922481,0.00022719630669687518,1.0004508972855983
NHANES 2017-18 (diabetes),0.11,0.8674698795180723,0.8333333333333334,0.034136546184738936,0.604075691411936,0.5750332005312085,0.029042490880727412,0.1325301204819277,0.16666666666666663,-0.034136546184738936,0.39592430858806404,0.42496679946879146,-0.029042490880727412,0.34615384615384615,0.2808988764044944,0.06525496974935174,0.9496567505720824,0.9454148471615721,0.004241903410510339,0.4876905041031653,0.49280177187153934,-0.0051112677683740615,0.9896281465284454
NHANES 2017-18 (diabetes),0.12,0.8674698795180723,0.8333333333333334,0.034136546184738936,0.6069868995633187,0.5776892430278885,0.02929765653543026,0.1325301204819277,0.16666666666666663,-0.034136546184738936,0.39301310043668125,0.4223107569721115,-0.02929765653543026,0.34782608695652173,0.28216704288939054,0.06565904406713119,0.9498861047835991,0.9456521739130435,0.00423393087055568,0.48534583821805394,0.49058693244739754,-0.005241094229343601,0.9893166860291258
NHANES 2017-18 (diabetes),0.13,0.8614457831325302,0.8333333333333334,0.028112449799196804,0.6157205240174672,0.5816733067729084,0.034047217244558836,0.13855421686746983,0.16666666666666663,-0.028112449799196804,0.38427947598253276,0.4183266932270916,-0.034047217244558836,0.35135135135135137,0.2840909090909091,0.06726044226044225,0.9484304932735426,0.9460043196544277,0.002426173619114902,0.4771395076201641,0.48726467331118495,-0.010125165691020843,0.9792203985932004
NHANES 2017-18 (diabetes),0.14,0.8373493975903614,0.82,0.01734939759036147,0.6229985443959243,0.5922974767596282,0.030701067636296098,0.16265060240963858,0.18000000000000005,-0.01734939759036147,0.3770014556040757,0.4077025232403718,-0.030701067636296098,0.3492462311557789,0.28604651162790695,0.06319971952787196,0.9406593406593406,0.9429175475687104,-0.002258206909369731,0.46658851113716293,0.47619047619047616,-0.009601965053313233,0.9798358733880422
NHANES 2017-18 (diabetes),0.15,0.8373493975903614,0.82,0.01734939759036147,0.62882096069869,0.5976095617529881,0.031211398945701907,0.16265060240963858,0.18000000000000005,-0.01734939759036147,0.37117903930131,0.40239043824701193,-0.031211398945701907,0.35279187817258884,0.2887323943661972,0.06405948380639165,0.9411764705882353,0.9433962264150944,-0.002219755826859071,0.4618991793669402,0.4717607973421927,-0.009861617975252479,0.9790961478130211
NHANES 2017-18 (diabetes),0.16,0.8373493975903614,0.8133333333333334,0.02401606425702807,0.6491994177583698,0.6069057104913679,0.04229370726700188,0.16265060240963858,0.18666666666666665,-0.02401606425702807,0.35080058224163024,0.3930942895086321,-0.04229370726700188,0.36578947368421055,0.291866028708134,0.07392344497607656,0.9429175475687104,0.9422680412371134,0.000649506331596994,0.4454865181711606,0.4629014396456257,-0.017414921474465106,0.9623787701161675
NHANES 2017-18 (diabetes),0.17,0.8313253012048193,0.8066666666666666,0.024658634538152646,0.660844250363901,0.6122177954847278,0.048626454879173275,0.1686746987951807,0.19333333333333336,-0.024658634538152646,0.33915574963609896,0.38778220451527223,-0.048626454879173275,0.3719676549865229,0.2929782082324455,0.07898944675407737,0.941908713692946,0.9408163265306122,0.001092387162333841,0.4349355216881594,0.4573643410852713,-0.022428819397111888,0.9509607169113994
NHANES 2017-18 (diabetes),0.18,0.8072289156626506,0.8066666666666666,0.0005622489959840049,0.6666666666666666,0.6228419654714475,0.043824701195219085,0.19277108433734935,0.19333333333333336,-0.0005622489959840049,0.33333333333333337,0.37715803452855245,-0.043824701195219085,0.3691460055096419,0.29876543209876544,0.07038057341087645,0.9346938775510204,0.9417670682730924,-0.00707319072207202,0.42555685814771393,0.4485049833887043,-0.02294812524099038,0.9488341800182363
NHANES 2017-18 (diabetes),0.19,0.7951807228915663,0.8066666666666666,-0.011485943775100371,0.6695778748180495,0.6281540504648074,0.0414238243532421,0.20481927710843373,0.19333333333333336,0.011485943775100371,0.33042212518195047,0.37184594953519257,-0.0414238243532421,0.36768802228412256,0.30174563591022446,0.0659423863738981,0.9311740890688259,0.9422310756972112,-0.011056986628385279,0.4208675263774912,0.4440753045404208,-0.023207778162929626,0.9477390930645251
NHANES 2017-18 (diabetes),0.2,0.7831325301204819,0.8,-0.01686746987951815,0.6783114992721979,0.6334661354581673,0.04484536381403059,0.2168674698795181,0.19999999999999996,0.01686746987951815,0.3216885007278021,0.3665338645418327,-0.04484536381403059,0.37037037037037035,0.30303030303030304,0.06734006734006731,0.9282868525896414,0.9408284023668639,-0.01254154977722255,0.4114888628370457,0.43853820598006643,-0.02704934314302071,0.9383193008632634
NHANES 2017-18 (diabetes),0.21,0.7710843373493976,0.78,-0.008915662650602396,0.6841339155749636,0.6454183266932271,0.03871558888173654,0.22891566265060237,0.21999999999999997,0.008915662650602396,0.3158660844250364,0.3545816733067729,-0.03871558888173654,0.3710144927536232,0.3046875,0.06632699275362319,0.9251968503937008,0.9364161849710982,-0.011219334577397433,0.4044548651817116,0.42524916943521596,-0.02079430425350437,0.9511008939038686
NHANES 2017-18 (diabetes),0.22,0.6566265060240963,0.6866666666666666,-0.030040160642570313,0.7656477438136827,0.7171314741035857,0.04851626971009704,0.34337349397590367,0.31333333333333335,0.030040160642570313,0.23435225618631728,0.2828685258964143,-0.04851626971009704,0.40370370370370373,0.3259493670886076,0.07775433661509612,0.902229845626072,0.919931856899489,-0.017702011273416973,0.31652989449003516,0.34994462901439644,-0.03341473452436128,0.9045142238117144
NHANES 2017-18 (diabetes),0.23,0.6506024096385542,0.68,-0.029397590361445847,0.7743813682678311,0.7237715803452855,0.05060978792254556,0.3493975903614458,0.31999999999999995,0.029397590361445847,0.2256186317321689,0.27622841965471445,-0.05060978792254556,0.41064638783269963,0.32903225806451614,0.0816141297681835,0.9016949152542373,0.9190556492411467,-0.017360733986909405,0.3083235638921454,0.3433001107419712,-0.03497654684982582,0.8981167038535719
NHANES 2017-18 (diabetes),0.24,0.6445783132530121,0.6666666666666666,-0.02208835341365456,0.7933042212518195,0.7370517928286853,0.05625242842313427,0.35542168674698793,0.33333333333333337,0.02208835341365456,0.20669577874818046,0.26294820717131473,-0.05625242842313427,0.42971887550200805,0.33557046979865773,0.09414840570335031,0.902317880794702,0.9173553719008265,-0.015037491106124512,0.29191090269636577,0.3300110741971207,-0.038100171500754954,0.8845488091772425
NHANES 2017-18 (diabetes),0.25,0.6265060240963856,0.6333333333333333,-0.006827309236947743,0.8078602620087336,0.7397078353253652,0.0681524266833684,0.37349397590361444,0.3666666666666667,0.006827309236947743,0.19213973799126638,0.2602921646746348,-0.0681524266833684,0.4406779661016949,0.32646048109965636,0.11421748500203854,0.899513776337115,0.9101307189542484,-0.010616942617133307,0.27667057444314186,0.3222591362126246,-0.04558856176948273,0.8585344629627392
NHANES 2017-18 (diabetes),0.26,0.6024096385542169,0.62,-0.017590361445783076,0.8107714701601164,0.7463479415670651,0.06442352859305134,0.3975903614457831,0.38,0.017590361445783076,0.18922852983988359,0.2536520584329349,-0.06442352859305134,0.43478260869565216,0.3274647887323944,0.10731781996325779,0.8940609951845907,0.9079159935379645,-0.013854998353373782,0.2696365767878077,0.31450719822812845,-0.044870621440320724,0.85733038323729
NHANES 2017-18 (diabetes),0.27,0.5963855421686747,0.6066666666666667,-0.010281124497992011,0.8165938864628821,0.747675962815405,0.06891792364747706,0.4036144578313253,0.3933333333333333,0.010281124497992011,0.1834061135371179,0.25232403718459495,-0.06891792364747706,0.44,0.3238434163701068,0.11615658362989323,0.893312101910828,0.905144694533762,-0.011832592622934013,0.2637749120750293,0.31118493909191586,-0.04741002701688657,0.8476467815080122
NHANES 2017-18 (diabetes),0.28,0.5662650602409639,0.5933333333333334,-0.027068273092369477,0.8209606986899564,0.7636122177954847,0.05734848089447164,0.4337349397590361,0.4066666666666666,0.027068273092369477,0.17903930131004364,0.23638778220451528,-0.05734848089447164,0.43317972350230416,0.3333333333333333,0.09984639016897084,0.8867924528301887,0.9040880503144654,-0.01729559748427667,0.2543962485345838,0.2956810631229236,-0.04128481458833977,0.8603738293135925
NHANES 2017-18 (diabetes),0.29,0.5481927710843374,0.56,-0.01180722891566266,0.8238719068413392,0.7742363877822045,0.04963551905913466,0.4518072289156626,0.43999999999999995,0.01180722891566266,0.17612809315866085,0.2257636122177955,-0.04963551905913466,0.42924528301886794,0.33070866141732286,0.09853662160154508,0.8829953198127926,0.8983050847457628,-0.015309764932970205,0.2485345838218054,0.2812846068660022,-0.0327500230441968,0.8835697999649224
NHANES 2017-18 (diabetes),0.3,0.536144578313253,0.5466666666666666,-0.010522088353413617,0.834061135371179,0.7875166002656042,0.04654453510557477,0.463855421686747,0.45333333333333337,0.010522088353413617,0.16593886462882101,0.21248339973439578,-0.04654453510557477,0.43842364532019706,0.33884297520661155,0.09958067011358551,0.8815384615384615,0.897125567322239,-0.015587105783777533,0.23798358733880423,0.26799557032115173,-0.0300119829823475,0.8880131378799182
NHANES 2017-18 (diabetes),0.31,0.5301204819277109,0.5466666666666666,-0.01654618473895575,0.8398835516739447,0.795484727755644,0.044398823918300634,0.4698795180722891,0.45333333333333337,0.01654618473895575,0.16011644832605532,0.20451527224435595,-0.044398823918300634,0.4444444444444444,0.3474576271186441,0.09698681732580033,0.8809160305343512,0.8980509745127436,-0.017134943978392436,0.2321219226260258,0.26135105204872644,-0.029229129422700645,0.8881614242851751
NHANES 2017-18 (diabetes),0.32,0.4578313253012048,0.5066666666666667,-0.048835341365461915,0.86608442503639,0.8353253652058433,0.03075905983054672,0.5421686746987953,0.4933333333333333,0.04883534136546197,0.13391557496360995,0.16467463479415667,-0.03075905983054672,0.4523809523809524,0.38,0.07238095238095238,0.8686131386861314,0.8947368421052632,-0.026123703419131727,0.1969519343493552,0.22148394241417496,-0.024532008064819755,0.8892379835873389
NHANES 2017-18 (diabetes),0.33,0.42771084337349397,0.4666666666666667,-0.03895582329317271,0.87627365356623,0.8459495351925631,0.030324118373666886,0.572289156626506,0.5333333333333333,0.03895582329317271,0.12372634643377001,0.1540504648074369,-0.030324118373666886,0.4551282051282051,0.3763440860215054,0.07878411910669975,0.8637015781922525,0.8884239888423989,-0.024722410650146465,0.182883939038687,0.2059800664451827,-0.02309612740649572,0.887872026623303
NHANES 2017-18 (diabetes),0.34,0.41566265060240964,0.44666666666666666,-0.03100401606425701,0.8791848617176128,0.8552456839309429,0.023939177786669874,0.5843373493975903,0.5533333333333333,0.031004016064256956,0.12081513828238721,0.1447543160690571,-0.023939177786669874,0.45394736842105265,0.3806818181818182,0.07326555023923448,0.8616262482168331,0.8858321870701513,-0.024205938853318232,0.17819460726846426,0.19490586932447398,-0.01671126205600973,0.9142598316103592
NHANES 2017-18 (diabetes),0.35,0.41566265060240964,0.44666666666666666,-0.03100401606425701,0.8806404657933042,0.8579017264276229,0.022738739365681382,0.5843373493975903,0.5533333333333333,0.031004016064256956,0.11935953420669576,0.14209827357237714,-0.022738739365681382,0.45695364238410596,0.3850574712643678,0.07189617111973817,0.8618233618233618,0.8861454046639232,-0.024322042840561386,0.17702227432590856,0.19269102990033224,-0.01566875557442368,0.9186845615879047
NHANES 2017-18 (diabetes),0.36,0.3855421686746988,0.44,-0.05445783132530119,0.8893740902474527,0.8685258964143426,0.020848193833110096,0.6144578313253012,0.56,0.05445783132530113,0.11062590975254727,0.13147410358565736,-0.020848193833110096,0.45714285714285713,0.4,0.057142857142857106,0.8569424964936886,0.8861788617886179,-0.029236365294929345,0.16412661195779601,0.18272425249169436,-0.01859764053389834,0.8982201854417563
NHANES 2017-18 (diabetes),0.37,0.3855421686746988,0.4266666666666667,-0.04112449799196788,0.8908296943231441,0.8711819389110226,0.019647755412121493,0.6144578313253012,0.5733333333333333,0.041124497991967934,0.10917030567685593,0.12881806108897742,-0.019647755412121493,0.460431654676259,0.39751552795031053,0.06291612672594848,0.8571428571428571,0.8840970350404312,-0.02695417789757415,0.16295427901524032,0.17829457364341086,-0.015340294628170548,0.913960956215913
NHANES 2017-18 (diabetes),0.38,0.3795180722891566,0.41333333333333333,-0.0338152610441767,0.8908296943231441,0.8725099601593626,0.01831973416378152,0.6204819277108433,0.5866666666666667,0.03381526104417665,0.10917030567685593,0.12749003984063745,-0.01831973416378152,0.45652173913043476,0.3924050632911392,0.06411667583929553,0.855944055944056,0.8818791946308725,-0.025935138686816517,0.16178194607268465,0.17497231450719822,-0.013190368434513572,0.9246145398964193
NHANES 2017-18 (diabetes),0.39,0.35542168674698793,0.41333333333333333,-0.0579116465863454,0.8922852983988355,0.8738379814077025,0.018447316991133,0.6445783132530121,0.5866666666666667,0.0579116465863454,0.10771470160116448,0.12616201859229748,-0.018447316991133,0.44360902255639095,0.39490445859872614,0.048704563957664815,0.8513888888888889,0.8820375335120644,-0.030648644623175514,0.1559202813599062,0.17386489479512734,-0.017944613435221135,0.8967898985222631
NHANES 2017-18 (diabetes),0.4,0.3433734939759036,0.4,-0.05662650602409641,0.9024745269286754,0.8804780876494024,0.021996439279272972,0.6566265060240963,0.6,0.05662650602409636,0.09752547307132464,0.11952191235059761,-0.021996439279272972,0.4596774193548387,0.4,0.05967741935483867,0.850480109739369,0.8804780876494024,-0.029997977910033335,0.14536928487690504,0.16611295681063123,-0.0207436719337262,0.8751230949589683
NHANES 2017-18 (diabetes),0.41,0.3313253012048193,0.3933333333333333,-0.06200803212851402,0.9068413391557496,0.8818061088977424,0.025035230258007246,0.6686746987951807,0.6066666666666667,0.06200803212851402,0.0931586608442504,0.11819389110225764,-0.025035230258007246,0.46218487394957986,0.39864864864864863,0.06353622530093123,0.8487738419618529,0.8794701986754967,-0.03069635671364379,0.1395076201641266,0.1638981173864895,-0.02439049722236289,0.8511850068122048
NHANES 2017-18 (diabetes),0.42,0.3132530120481928,0.37333333333333335,-0.06008032128514057,0.9097525473071325,0.8924302788844621,0.017322268422670373,0.6867469879518072,0.6266666666666667,0.060080321285140514,0.09024745269286749,0.10756972111553786,-0.017322268422670373,0.45614035087719296,0.40875912408759124,0.047381226789601716,0.8457374830852503,0.8772845953002611,-0.03154711221501083,0.1336459554513482,0.15171650055370986,-0.018070545102361668,0.880892684471295
NHANES 2017-18 (diabetes),0.43,0.3072289156626506,0.37333333333333335,-0.06610441767068276,0.9170305676855895,0.900398406374502,0.01663216131108758,0.6927710843373494,0.6266666666666667,0.06610441767068265,0.08296943231441045,0.09960159362549803,-0.01663216131108758,0.4722222222222222,0.42748091603053434,0.04474130619168787,0.8456375838926175,0.8782383419689119,-0.03260075807629448,0.12661195779601406,0.1450719822812846,-0.018460024485270538,0.8727526556473336
NHANES 2017-18 (diabetes),0.44,0.24096385542168675,0.26666666666666666,-0.025702811244979917,0.9388646288209607,0.9296148738379814,0.009249754982979308,0.7590361445783133,0.7333333333333334,0.025702811244979862,0.06113537117903933,0.07038512616201864,-0.009249754982979308,0.4878048780487805,0.43010752688172044,0.05769735116706004,0.8365758754863813,0.8641975308641975,-0.027621655377816134,0.09613130128956623,0.10299003322259136,-0.006858731933025122,0.933403925424498
NHANES 2017-18 (diabetes),0.45,0.21686746987951808,0.22,-0.0031325301204819245,0.9446870451237264,0.9389110225763613,0.0057760225473650895,0.7831325301204819,0.78,0.003132530120481869,0.055312954876273634,0.061088977423638724,-0.0057760225473650895,0.4864864864864865,0.4177215189873418,0.06876496749914474,0.8331193838254172,0.8580097087378641,-0.024890324912446915,0.08675263774912075,0.08748615725359911,-0.0007335195044783638,0.9916155935121017
NHANES 2017-18 (diabetes),0.46,0.19879518072289157,0.18,0.018795180722891575,0.9461426491994177,0.9455511288180611,0.0005915203813565695,0.8012048192771084,0.8200000000000001,-0.018795180722891658,0.05385735080058229,0.05444887118193886,-0.0005915203813565695,0.4714285714285714,0.39705882352941174,0.07436974789915968,0.8301404853128991,0.8526946107784431,-0.022554125465544028,0.08206330597889801,0.0753045404208195,0.006758765558078514,1.0897524308668367
NHANES 2017-18 (diabetes),0.47,0.18674698795180722,0.17333333333333334,0.01341365461847388,0.9548762736535662,0.9482071713147411,0.006669102338825117,0.8132530120481928,0.8266666666666667,-0.01341365461847388,0.0451237263464338,0.05179282868525892,-0.006669102338825117,0.5,0.4,0.09999999999999998,0.8293299620733249,0.8520286396181385,-0.022698677544813584,0.07268464243845252,0.07198228128460686,0.000702361153845657,1.009757417260348
NHANES 2017-18 (diabetes),0.48,0.1746987951807229,0.17333333333333334,0.0013654618473895597,0.9563318777292577,0.9482071713147411,0.00812470641451657,0.8253012048192772,0.8266666666666667,-0.0013654618473895042,0.04366812227074235,0.05179282868525892,-0.00812470641451657,0.4915254237288136,0.4,0.09152542372881356,0.827455919395466,0.8520286396181385,-0.02457272022267243,0.06916764361078546,0.07198228128460686,-0.0028146376738213963,0.960898187392912
NHANES 2017-18 (diabetes),0.49,0.1566265060240964,0.16666666666666666,-0.010040160642570267,0.9592430858806404,0.949535192563081,0.00970789331755939,0.8433734939759037,0.8333333333333334,0.010040160642570295,0.040756914119359555,0.050464807436918946,-0.00970789331755939,0.48148148148148145,0.3968253968253968,0.08465608465608465,0.8247809762202754,0.8511904761904762,-0.02640949997020081,0.06330597889800703,0.06976744186046512,-0.006461462962458087,0.9073856975381007
NHANES 2017-18 (diabetes),0.5,0.12048192771084337,0.14666666666666667,-0.026184738955823295,0.9679767103347889,0.952191235059761,0.015785475275027938,0.8795180722891567,0.8533333333333333,0.026184738955823406,0.03202328966521106,0.047808764940239,-0.015785475275027938,0.47619047619047616,0.3793103448275862,0.09688013136288998,0.8199753390875463,0.8485207100591716,-0.02854537097162535,0.0492379835873388,0.06423034330011074,-0.014992359712771935,0.7665844686097748
NHANES 2017-18 (diabetes),0.51,0.10843373493975904,0.12666666666666668,-0.01823293172690764,0.9723435225618632,0.9614873837981408,0.010856138763722378,0.891566265060241,0.8733333333333333,0.018232931726907653,0.027656477438136817,0.038512616201859196,-0.010856138763722378,0.4864864864864865,0.3958333333333333,0.0906531531531532,0.8186274509803921,0.8467836257309942,-0.02815617475060206,0.04337631887456037,0.053156146179401995,-0.009779827304841622,0.816016998827667
NHANES 2017-18 (diabetes),0.52,0.10240963855421686,0.12,-0.01759036144578313,0.9781659388646288,0.9641434262948207,0.014022512569808021,0.8975903614457832,0.88,0.017590361445783187,0.02183406113537123,0.03585657370517925,-0.014022512569808021,0.53125,0.4,0.13124999999999998,0.8185140073081608,0.8461538461538461,-0.027639838845685327,0.03751465416178194,0.04983388704318937,-0.012319232881407426,0.7527940601797577
NHANES 2017-18 (diabetes),0.53,0.09036144578313253,0.12,-0.029638554216867466,0.9839883551673945,0.9694555112881806,0.01453284387921383,0.9096385542168675,0.88,0.029638554216867452,0.01601164483260553,0.030544488711819362,-0.01453284387921383,0.5769230769230769,0.43902439024390244,0.13789868667917443,0.8174123337363967,0.8468677494199536,-0.029455415683556918,0.03048065650644783,0.04540420819490587,-0.01492355168845804,0.671317873788351
NHANES 2017-18 (diabetes),0.54,0.07228915662650602,0.08,-0.007710843373493981,0.9898107714701602,0.9760956175298805,0.013715153940279667,0.927710843373494,0.92,0.007710843373493925,0.010189228529839833,0.0239043824701195,-0.013715153940279667,0.631578947368421,0.4,0.231578947368421,0.815347721822542,0.8419243986254296,-0.026576676802887556,0.022274325908558032,0.03322259136212625,-0.010948265453568216,0.6704572098475967
NHANES 2017-18 (diabetes),0.55,0.060240963855421686,0.08,-0.019759036144578315,0.9912663755458515,0.9840637450199203,0.007202630525931175,0.9397590361445783,0.92,0.0197590361445783,0.008733624454148492,0.015936254980079667,-0.007202630525931175,0.625,0.5,0.125,0.8136200716845878,0.8430034129692833,-0.02938334128469544,0.01875732708089097,0.026578073089700997,-0.007820746008810026,0.7057444314185228
NHANES 2017-18 (diabetes),0.56,0.05421686746987952,0.07333333333333333,-0.019116465863453815,0.9912663755458515,0.9853917662682603,0.005874609277591203,0.9457831325301205,0.9266666666666666,0.019116465863453835,0.008733624454148492,0.014608233731739695,-0.005874609277591203,0.6,0.5,0.09999999999999998,0.8126491646778043,0.8422247446083996,-0.02957557993059523,0.017584994138335287,0.024363233665559248,-0.006778239527223961,0.7217840775871256
NHANES 2017-18 (diabetes),0.57,0.05421686746987952,0.07333333333333333,-0.019116465863453815,0.9912663755458515,0.9867197875166003,0.004546588029251231,0.9457831325301205,0.9266666666666666,0.019116465863453835,0.008733624454148492,0.013280212483399723,-0.004546588029251231,0.6,0.5238095238095238,0.07619047619047614,0.8126491646778043,0.8424036281179138,-0.029754463440109458,0.017584994138335287,0.023255813953488372,-0.0056708198151530845,0.7561547479484174
NHANES 2017-18 (diabetes),0.58,0.05421686746987952,0.07333333333333333,-0.019116465863453815,0.9912663755458515,0.9867197875166003,0.004546588029251231,0.9457831325301205,0.9266666666666666,0.019116465863453835,0.008733624454148492,0.013280212483399723,-0.004546588029251231,0.6,0.5238095238095238,0.07619047619047614,0.8126491646778043,0.8424036281179138,-0.029754463440109458,0.017584994138335287,0.023255813953488372,-0.0056708198151530845,0.7561547479484174
NHANES 2017-18 (diabetes),0.59,0.05421686746987952,0.07333333333333333,-0.019116465863453815,0.9912663755458515,0.9867197875166003,0.004546588029251231,0.9457831325301205,0.9266666666666666,0.019116465863453835,0.008733624454148492,0.013280212483399723,-0.004546588029251231,0.6,0.5238095238095238,0.07619047619047614,0.8126491646778043,0.8424036281179138,-0.029754463440109458,0.017584994138335287,0.023255813953488372,-0.0056708198151530845,0.7561547479484174
NHANES 2017-18 (diabetes),0.6,0.05421686746987952,0.06,-0.005783132530120479,0.992721979621543,0.9880478087649402,0.004674170856602711,0.9457831325301205,0.94,0.005783132530120527,0.00727802037845704,0.01195219123505975,-0.004674170856602711,0.6428571428571429,0.5,0.1428571428571429,0.8128724672228844,0.8406779661016949,-0.027805498878810453,0.016412661195779603,0.019933554817275746,-0.0035208936214961434,0.8233685033216102
NHANES 2017-18 (diabetes),0.61,0.04819277108433735,0.04666666666666667,0.0015261044176706831,0.9956331877729258,0.9880478087649402,0.007585379007985504,0.9518072289156626,0.9533333333333334,-0.0015261044176707594,0.004366812227074246,0.01195219123505975,-0.007585379007985504,0.7272727272727273,0.4375,0.2897727272727273,0.8123515439429929,0.8387824126268321,-0.026430868683839148,0.012895662368112544,0.017718715393133997,-0.004823053025021453,0.7277989449003518
NHANES 2017-18 (diabetes),0.62,0.04819277108433735,0.04666666666666667,0.0015261044176706831,0.9956331877729258,0.9880478087649402,0.007585379007985504,0.9518072289156626,0.9533333333333334,-0.0015261044176707594,0.004366812227074246,0.01195219123505975,-0.007585379007985504,0.7272727272727273,0.4375,0.2897727272727273,0.8123515439429929,0.8387824126268321,-0.026430868683839148,0.012895662368112544,0.017718715393133997,-0.004823053025021453,0.7277989449003518
NHANES 2017-18 (diabetes),0.63,0.012048192771084338,0.02666666666666667,-0.01461847389558233,0.9985443959243085,0.9960159362549801,0.0025284596693284644,0.9879518072289156,0.9733333333333334,0.01461847389558224,0.0014556040756914523,0.003984063745019917,-0.0025284596693284644,0.6666666666666666,0.5714285714285714,0.09523809523809523,0.8070588235294117,0.8370535714285714,-0.02999474789915968,0.0035169988276670576,0.007751937984496124,-0.004234939156829066,0.4536928487690504
NHANES 2017-18 (diabetes),0.64,0.012048192771084338,0.006666666666666667,0.005381526104417671,1.0,0.99734395750332,0.0026560424966799445,0.9879518072289156,0.9933333333333333,-0.0053815261044176665,0.0,0.0026560424966799445,-0.0026560424966799445,1.0,0.3333333333333333,0.6666666666666667,0.8072855464159812,0.8344444444444444,-0.027158898028463274,0.0023446658851113715,0.0033222591362126247,-0.0009775932511012532,0.7057444314185228
NHANES 2017-18 (diabetes),0.65,0.012048192771084338,0.006666666666666667,0.005381526104417671,1.0,0.99734395750332,0.0026560424966799445,0.9879518072289156,0.9933333333333333,-0.0053815261044176665,0.0,0.0026560424966799445,-0.0026560424966799445,1.0,0.3333333333333333,0.6666666666666667,0.8072855464159812,0.8344444444444444,-0.027158898028463274,0.0023446658851113715,0.0033222591362126247,-0.0009775932511012532,0.7057444314185228
NHANES 2017-18 (diabetes),0.66,0.012048192771084338,0.006666666666666667,0.005381526104417671,1.0,0.99734395750332,0.0026560424966799445,0.9879518072289156,0.9933333333333333,-0.0053815261044176665,0.0,0.0026560424966799445,-0.0026560424966799445,1.0,0.3333333333333333,0.6666666666666667,0.8072855464159812,0.8344444444444444,-0.027158898028463274,0.0023446658851113715,0.0033222591362126247,-0.0009775932511012532,0.7057444314185228
NHANES 2017-18 (diabetes),0.67,0.012048192771084338,0.006666666666666667,0.005381526104417671,1.0,0.99734395750332,0.0026560424966799445,0.9879518072289156,0.9933333333333333,-0.0053815261044176665,0.0,0.0026560424966799445,-0.0026560424966799445,1.0,0.3333333333333333,0.6666666666666667,0.8072855464159812,0.8344444444444444,-0.027158898028463274,0.0023446658851113715,0.0033222591362126247,-0.0009775932511012532,0.7057444314185228
NHANES 2017-18 (diabetes),0.68,0.012048192771084338,0.006666666666666667,0.005381526104417671,1.0,0.99734395750332,0.0026560424966799445,0.9879518072289156,0.9933333333333333,-0.0053815261044176665,0.0,0.0026560424966799445,-0.0026560424966799445,1.0,0.3333333333333333,0.6666666666666667,0.8072855464159812,0.8344444444444444,-0.027158898028463274,0.0023446658851113715,0.0033222591362126247,-0.0009775932511012532,0.7057444314185228
NHANES 2017-18 (diabetes),0.69,0.006024096385542169,0.006666666666666667,-0.0006425702811244981,1.0,0.99867197875166,0.0013280212483399723,0.9939759036144579,0.9933333333333333,0.000642570281124577,0.0,0.0013280212483399723,-0.0013280212483399723,1.0,0.5,0.5,0.8063380281690141,0.8346281908990011,-0.028290162729986967,0.0011723329425556857,0.0022148394241417496,-0.001042506481586064,0.5293083235638921
NHANES 2017-18 (diabetes),0.7,0.006024096385542169,0.006666666666666667,-0.0006425702811244981,1.0,0.99867197875166,0.0013280212483399723,0.9939759036144579,0.9933333333333333,0.000642570281124577,0.0,0.0013280212483399723,-0.0013280212483399723,1.0,0.5,0.5,0.8063380281690141,0.8346281908990011,-0.028290162729986967,0.0011723329425556857,0.0022148394241417496,-0.001042506481586064,0.5293083235638921
NHANES 2017-18 (diabetes),0.71,0.006024096385542169,0.006666666666666667,-0.0006425702811244981,1.0,0.99867197875166,0.0013280212483399723,0.9939759036144579,0.9933333333333333,0.000642570281124577,0.0,0.0013280212483399723,-0.0013280212483399723,1.0,0.5,0.5,0.8063380281690141,0.8346281908990011,-0.028290162729986967,0.0011723329425556857,0.0022148394241417496,-0.001042506481586064,0.5293083235638921
NHANES 2017-18 (diabetes),0.72,0.006024096385542169,0.006666666666666667,-0.0006425702811244981,1.0,0.99867197875166,0.0013280212483399723,0.9939759036144579,0.9933333333333333,0.000642570281124577,0.0,0.0013280212483399723,-0.0013280212483399723,1.0,0.5,0.5,0.8063380281690141,0.8346281908990011,-0.028290162729986967,0.0011723329425556857,0.0022148394241417496,-0.001042506481586064,0.5293083235638921
NHANES 2017-18 (diabetes),0.73,0.006024096385542169,0.006666666666666667,-0.0006425702811244981,1.0,0.99867197875166,0.0013280212483399723,0.9939759036144579,0.9933333333333333,0.000642570281124577,0.0,0.0013280212483399723,-0.0013280212483399723,1.0,0.5,0.5,0.8063380281690141,0.8346281908990011,-0.028290162729986967,0.0011723329425556857,0.0022148394241417496,-0.001042506481586064,0.5293083235638921
NHANES 2017-18 (diabetes),0.74,0.006024096385542169,0.006666666666666667,-0.0006425702811244981,1.0,0.99867197875166,0.0013280212483399723,0.9939759036144579,0.9933333333333333,0.000642570281124577,0.0,0.0013280212483399723,-0.0013280212483399723,1.0,0.5,0.5,0.8063380281690141,0.8346281908990011,-0.028290162729986967,0.0011723329425556857,0.0022148394241417496,-0.001042506481586064,0.5293083235638921
NHANES 2017-18 (diabetes),0.75,0.006024096385542169,0.006666666666666667,-0.0006425702811244981,1.0,0.99867197875166,0.0013280212483399723,0.9939759036144579,0.9933333333333333,0.000642570281124577,0.0,0.0013280212483399723,-0.0013280212483399723,1.0,0.5,0.5,0.8063380281690141,0.8346281908990011,-0.028290162729986967,0.0011723329425556857,0.0022148394241417496,-0.001042506481586064,0.5293083235638921
NHANES 2017-18 (diabetes),0.76,0.006024096385542169,0.006666666666666667,-0.0006425702811244981,1.0,0.99867197875166,0.0013280212483399723,0.9939759036144579,0.9933333333333333,0.000642570281124577,0.0,0.0013280212483399723,-0.0013280212483399723,1.0,0.5,0.5,0.8063380281690141,0.8346281908990011,-0.028290162729986967,0.0011723329425556857,0.0022148394241417496,-0.001042506481586064,0.5293083235638921
NHANES 2017-18 (diabetes),0.77,0.0,0.0,0.0,1.0,1.0,0.0,1.0,1.0,0.0,0.0,0.0,0.0,,,,0.8053927315357562,0.8338870431893688,-0.028494311653612603,0.0,0.0,0.0,
NHANES 2017-18 (diabetes),0.78,0.0,0.0,0.0,1.0,1.0,0.0,1.0,1.0,0.0,0.0,0.0,0.0,,,,0.8053927315357562,0.8338870431893688,-0.028494311653612603,0.0,0.0,0.0,
NHANES 2017-18 (diabetes),0.79,0.0,0.0,0.0,1.0,1.0,0.0,1.0,1.0,0.0,0.0,0.0,0.0,,,,0.8053927315357562,0.8338870431893688,-0.028494311653612603,0.0,0.0,0.0,
NHANES 2017-18 (diabetes),0.8,0.0,0.0,0.0,1.0,1.0,0.0,1.0,1.0,0.0,0.0,0.0,0.0,,,,0.8053927315357562,0.8338870431893688,-0.028494311653612603,0.0,0.0,0.0,
NHANES 2017-18 (diabetes),0.81,0.0,0.0,0.0,1.0,1.0,0.0,1.0,1.0,0.0,0.0,0.0,0.0,,,,0.8053927315357562,0.8338870431893688,-0.028494311653612603,0.0,0.0,0.0,
NHANES 2017-18 (diabetes),0.82,0.0,0.0,0.0,1.0,1.0,0.0,1.0,1.0,0.0,0.0,0.0,0.0,,,,0.8053927315357562,0.8338870431893688,-0.028494311653612603,0.0,0.0,0.0,
NHANES 2017-18 (diabetes),0.83,0.0,0.0,0.0,1.0,1.0,0.0,1.0,1.0,0.0,0.0,0.0,0.0,,,,0.8053927315357562,0.8338870431893688,-0.028494311653612603,0.0,0.0,0.0,
NHANES 2017-18 (diabetes),0.84,0.0,0.0,0.0,1.0,1.0,0.0,1.0,1.0,0.0,0.0,0.0,0.0,,,,0.8053927315357562,0.8338870431893688,-0.028494311653612603,0.0,0.0,0.0,
NHANES 2017-18 (diabetes),0.85,0.0,0.0,0.0,1.0,1.0,0.0,1.0,1.0,0.0,0.0,0.0,0.0,,,,0.8053927315357562,0.8338870431893688,-0.028494311653612603,0.0,0.0,0.0,
NHANES 2017-18 (diabetes),0.86,0.0,0.0,0.0,1.0,1.0,0.0,1.0,1.0,0.0,0.0,0.0,0.0,,,,0.8053927315357562,0.8338870431893688,-0.028494311653612603,0.0,0.0,0.0,
NHANES 2017-18 (diabetes),0.87,0.0,0.0,0.0,1.0,1.0,0.0,1.0,1.0,0.0,0.0,0.0,0.0,,,,0.8053927315357562,0.8338870431893688,-0.028494311653612603,0.0,0.0,0.0,
NHANES 2017-18 (diabetes),0.88,0.0,0.0,0.0,1.0,1.0,0.0,1.0,1.0,0.0,0.0,0.0,0.0,,,,0.8053927315357562,0.8338870431893688,-0.028494311653612603,0.0,0.0,0.0,
NHANES 2017-18 (diabetes),0.89,0.0,0.0,0.0,1.0,1.0,0.0,1.0,1.0,0.0,0.0,0.0,0.0,,,,0.8053927315357562,0.8338870431893688,-0.028494311653612603,0.0,0.0,0.0,
NHANES 2017-18 (diabetes),0.9,0.0,0.0,0.0,1.0,1.0,0.0,1.0,1.0,0.0,0.0,0.0,0.0,,,,0.8053927315357562,0.8338870431893688,-0.028494311653612603,0.0,0.0,0.0,
NHANES 2017-18 (diabetes),0.91,0.0,0.0,0.0,1.0,1.0,0.0,1.0,1.0,0.0,0.0,0.0,0.0,,,,0.8053927315357562,0.8338870431893688,-0.028494311653612603,0.0,0.0,0.0,
NHANES 2017-18 (diabetes),0.92,0.0,0.0,0.0,1.0,1.0,0.0,1.0,1.0,0.0,0.0,0.0,0.0,,,,0.8053927315357562,0.8338870431893688,-0.028494311653612603,0.0,0.0,0.0,
NHANES 2017-18 (diabetes),0.93,0.0,0.0,0.0,1.0,1.0,0.0,1.0,1.0,0.0,0.0,0.0,0.0,,,,0.8053927315357562,0.8338870431893688,-0.028494311653612603,0.0,0.0,0.0,
NHANES 2017-18 (diabetes),0.94,0.0,0.0,0.0,1.0,1.0,0.0,1.0,1.0,0.0,0.0,0.0,0.0,,,,0.8053927315357562,0.8338870431893688,-0.028494311653612603,0.0,0.0,0.0,
NHANES 2017-18 (diabetes),0.95,0.0,0.0,0.0,1.0,1.0,0.0,1.0,1.0,0.0,0.0,0.0,0.0,,,,0.8053927315357562,0.8338870431893688,-0.028494311653612603,0.0,0.0,0.0,
NHANES 2017-18 (diabetes),0.96,0.0,0.0,0.0,1.0,1.0,0.0,1.0,1.0,0.0,0.0,0.0,0.0,,,,0.8053927315357562,0.8338870431893688,-0.028494311653612603,0.0,0.0,0.0,
NHANES 2017-18 (diabetes),0.97,0.0,0.0,0.0,1.0,1.0,0.0,1.0,1.0,0.0,0.0,0.0,0.0,,,,0.8053927315357562,0.8338870431893688,-0.028494311653612603,0.0,0.0,0.0,
NHANES 2017-18 (diabetes),0.98,0.0,0.0,0.0,1.0,1.0,0.0,1.0,1.0,0.0,0.0,0.0,0.0,,,,0.8053927315357562,0.8338870431893688,-0.028494311653612603,0.0,0.0,0.0,
NHANES 2017-18 (diabetes),0.99,0.0,0.0,0.0,1.0,1.0,0.0,1.0,1.0,0.0,0.0,0.0,0.0,,,,0.8053927315357562,0.8338870431893688,-0.028494311653612603,0.0,0.0,0.0,
CCHS 2019-20 (diabetes),0.01,0.9910256410256411,0.9942363112391931,-0.003210670213552036,0.231897575038155,0.21467608637696614,0.01722148866118886,0.008974358974358942,0.0057636887608069065,0.003210670213552036,0.768102424961845,0.7853239136230339,-0.01722148866118889,0.14578029231494577,0.10483932234293095,0.04094096997201482,0.9949072389959985,0.997522452771756,-0.0026152137757574634,0.7941440766811442,0.8030136652025378,-0.008869588521393634,0.988954623182961
CCHS 2019-20 (diabetes),0.02,0.9737179487179487,0.9834293948126801,-0.009711446094731402,0.37671697473291504,0.37116768861636895,0.005549286116546093,0.0262820512820513,0.016570605187319898,0.009711446094731402,0.6232830252670849,0.628832311383631,-0.005549286116546148,0.17125140924464488,0.12638888888888888,0.044862520355756,0.9908563782337199,0.9958869814020028,-0.0050306031682829655,0.664220458289651,0.6588579795021962,0.005362478787454883,1.0081390511374038
CCHS 2019-20 (diabetes),0.03,0.9628205128205128,0.9755043227665706,-0.012683809946057778,0.41800915719857556,0.4120234604105572,0.005985696788018358,0.03717948717948716,0.02449567723342938,0.012683809946057778,0.5819908428014244,0.5879765395894427,-0.005985696788018302,0.17953621802534067,0.13305817610062892,0.04647804192471175,0.9883720930232558,0.9945302445302445,-0.006158151506988729,0.6264789576156957,0.6207906295754027,0.005688328040293067,1.0091630378573588
CCHS 2019-20 (diabetes),0.04,0.9423076923076923,0.9582132564841499,-0.01590556417645761,0.46065796167542816,0.4532791255665156,0.007378836108912545,0.05769230769230771,0.0417867435158501,0.01590556417645761,0.5393420383245718,0.5467208744334844,-0.007378836108912545,0.18771548972034224,0.13951536767019826,0.048200122050143984,0.9837045084193373,0.9915439568450212,-0.007839448425683848,0.5864160551145724,0.581564177647633,0.0048518774669393805,1.008342806612616
CCHS 2019-20 (diabetes),0.05,0.9108974358974359,0.9293948126801153,-0.018497376782679376,0.5226386298117687,0.5212609970674487,0.001377632744320012,0.08910256410256412,0.07060518731988474,0.018497376782679376,0.4773613701882313,0.47873900293255134,-0.001377632744320012,0.20153169763154163,0.15224831818718282,0.049283379444358816,0.977947009360622,0.987624700088395,-0.009677690727773025,0.5280065897858319,0.5168984870668619,0.011108102718970003,1.021489911456315
CCHS 2019-20 (diabetes),0.06,0.8814102564102564,0.8962536023054755,-0.014843345895219073,0.5712226555875869,0.572713942948547,-0.0014912873609601585,0.11858974358974361,0.10374639769452454,0.014843345895219073,0.4287773444124131,0.42728605705145295,0.0014912873609601585,0.21377487562189054,0.16250816459830175,0.05126671102358879,0.9732736203409419,0.983518370149937,-0.010244749808995146,0.4816534371723828,0.46699609565641775,0.014657341515965039,1.0313864326753361
CCHS 2019-20 (diabetes),0.07,0.867948717948718,0.8811239193083573,-0.013175201359639344,0.5899609971171782,0.5920421221007731,-0.0020811249835949175,0.13205128205128203,0.11887608069164268,0.013175201359639344,0.4100390028828218,0.4079578778992269,0.0020811249835949175,0.2187399030694669,0.16653050108932463,0.05220940198014226,0.9712451144611949,0.9817639257294429,-0.010518811268248052,0.46353152613449156,0.4480234260614934,0.015508100072998132,1.0346144848034566
CCHS 2019-20 (diabetes),0.08,0.8628205128205129,0.8760806916426513,-0.01326017882213848,0.5983550958114295,0.5997067448680352,-0.001351649056605675,0.13717948717948714,0.12391930835734866,0.01326017882213848,0.40164490418857046,0.4002932551319648,0.001351649056605675,0.22127239848758837,0.16837441152035448,0.052897986967233884,0.9705680099023518,0.9812431842966194,-0.010675174394267573,0.45551894563426687,0.4405807711078575,0.014938174526409387,1.0339056434279843
CCHS 2019-20 (diabetes),0.09,0.8538461538461538,0.872478386167147,-0.018632232320993203,0.608105816516873,0.6099040255931751,-0.0017982090763021263,0.1461538461538462,0.127521613832853,0.018632232320993203,0.391894183483127,0.39009597440682486,0.0017982090763021263,0.22371514947934162,0.1714326160815402,0.05228253339780142,0.9691891891891892,0.98102487135506,-0.011835682165870831,0.4458589186760521,0.43094192288921424,0.014916995786837861,1.0346148633830474
CCHS 2019-20 (diabetes),0.1,0.833974358974359,0.8559077809798271,-0.021933422005468106,0.6297269798202476,0.6308984270861103,-0.0011714472658627129,0.166025641025641,0.14409221902017288,0.021933422005468106,0.3702730201797524,0.3691015729138897,0.0011714472658627129,0.22953422724064926,0.17662801070472792,0.05290621653592134,0.9663023679417122,0.9793089178564038,-0.013006549914691634,0.42444211472218063,0.4103221083455344,0.014120006376646232,1.0344120048358587
CCHS 2019-20 (diabetes),0.11,0.7717948717948718,0.8249279538904899,-0.05313308209561807,0.6761912837035781,0.673287123433751,0.002904160269827094,0.22820512820512817,0.1750720461095101,0.05313308209561807,0.32380871629642194,0.32671287656624903,-0.002904160269827094,0.23969739199681464,0.18935009095419217,0.05034730104262247,0.957268035049814,0.9765103914934751,-0.019242356443661124,0.37614197993110676,0.36889946315275746,0.007242516778349306,1.0196327658393751
CCHS 2019-20 (diabetes),0.12,0.732051282051282,0.7853025936599424,-0.05325131160866037,0.7052738680685094,0.7020127965875766,0.003261071480932798,0.267948717948718,0.21469740634005763,0.05325131160866037,0.29472613193149055,0.29798720341242335,-0.003261071480932798,0.2472932005197055,0.19600791224599892,0.05128528827370657,0.9521520146520146,0.9724863816822085,-0.020334367030193867,0.34581398831810695,0.3392508540751586,0.006563134242948354,1.0193459623287915
CCHS 2019-20 (diabetes),0.13,0.7012820512820512,0.760806916426513,-0.05952486514446176,0.7275733423774801,0.7226073047187417,0.004966037658738376,0.29871794871794877,0.239193083573487,0.05952486514446176,0.27242665762251994,0.2773926952812583,-0.004966037658738376,0.2540051079637799,0.20237638942123418,0.05162871854254572,0.9484912125566486,0.9702881689636657,-0.021796956407017065,0.3225250861165194,0.31832601268911664,0.0041990734274027774,1.0131911099313886
CCHS 2019-20 (diabetes),0.14,0.6724358974358975,0.739193083573487,-0.06675718613758952,0.7463116839070714,0.7426686217008798,0.003643062206191594,0.3275641025641025,0.260806916426513,0.06675718613758952,0.25368831609292863,0.25733137829912023,-0.003643062206191594,0.25958921059143775,0.20994475138121546,0.049644459210222286,0.945130462793944,0.968535419382877,-0.023404956588933046,0.30260596076082075,0.29813323572474376,0.0044727250360769855,1.0150024368306474
CCHS 2019-20 (diabetes),0.15,0.6442307692307693,0.6988472622478387,-0.05461649301706939,0.7651348143123622,0.7664622767262064,-0.0013274624138441826,0.3557692307692307,0.30115273775216134,0.05461649301706939,0.2348651856876378,0.23353772327379363,0.0013274624138441826,0.2662251655629139,0.2168082253017434,0.04941694026117052,0.9420607579079235,0.9649270011746938,-0.022866243266770225,0.28268683540512207,0.272938018545632,0.009748816859490084,1.0357180612339654
CCHS 2019-20 (diabetes),0.16,0.6115384615384616,0.6577809798270894,-0.0462425182886278,0.788451755129727,0.7901892828579046,-0.0017375277281775903,0.3884615384615384,0.3422190201729106,0.0462425182886278,0.21154824487027302,0.20981071714209543,0.0017375277281775903,0.2766019135981444,0.22482147254370843,0.051780441054435966,0.9388187783947501,0.9614791987673343,-0.0226604203725842,0.2582746742549049,0.24774280136652024,0.010531872888384669,1.0425113175046543
CCHS 2019-20 (diabetes),0.17,0.5666666666666667,0.611671469740634,-0.04500480307396737,0.8150754620993725,0.8130498533724341,0.002025608726938466,0.43333333333333335,0.388328530259366,0.04500480307396737,0.18492453790062746,0.18695014662756593,-0.002025608726938466,0.28841761827079937,0.23234811165845648,0.05606950661234289,0.9342987656720769,0.957685664939551,-0.02338689926747406,0.2295192451699865,0.22291361639824306,0.006605628771743449,1.029633132683749
CCHS 2019-20 (diabetes),0.18,0.5326923076923077,0.5828530259365994,-0.05016071824429169,0.8321180261149738,0.8273793655025327,0.0047386606124411035,0.4673076923076923,0.4171469740634006,0.05016071824429169,0.16788197388502624,0.17262063449746734,-0.0047386606124411035,0.29562433297758806,0.23801117975875258,0.05761315321883548,0.9308545954661861,0.9554375432925422,-0.02458294782635606,0.21049872697319155,0.20735724743777453,0.003141479535417019,1.0151500831257887
CCHS 2019-20 (diabetes),0.19,0.48717948717948717,0.5446685878962536,-0.05748910071676644,0.8483127013735798,0.8450413223140496,0.0032713790595302328,0.5128205128205128,0.4553314121037464,0.057489100716766384,0.15168729862642016,0.1549586776859504,-0.0032713790595302328,0.2981561396626128,0.2453748782862707,0.05278126137634209,0.9259602036094401,0.9525204717902487,-0.02656026818080859,0.19087913733712744,0.1879575402635432,0.002921597073584248,1.0155439205550771
CCHS 2019-20 (diabetes),0.2,0.4532051282051282,0.5165706051873199,-0.06336547698219169,0.865863998643378,0.8597040789122901,0.006159919731087982,0.5467948717948719,0.4834293948126801,0.06336547698219175,0.13413600135662196,0.14029592108770994,-0.006159919731087982,0.308868501529052,0.2540751240255138,0.05479337750353819,0.922910076818798,0.9505526897568165,-0.027642612938018507,0.17140931556088063,0.17215714982918498,-0.0007478342683043537,0.9956560952069295
CCHS 2019-20 (diabetes),0.21,0.41410256410256413,0.4675792507204611,-0.05347668661789695,0.8823978294047821,0.8776326312983205,0.004765198106461588,0.5858974358974358,0.532420749279539,0.05347668661789684,0.11760217059521794,0.12236736870167952,-0.004765198106461588,0.3177570093457944,0.26116700201207244,0.05659000733372194,0.9192650825898773,0.9468612928740922,-0.027596210284214884,0.15223902950426837,0.15159834065397754,0.0006406888502908381,1.0042262260096448
CCHS 2019-20 (diabetes),0.22,0.391025641025641,0.43948126801152737,-0.048455626985886346,0.8929116499915211,0.8884297520661157,0.00448189792540532,0.608974358974359,0.5605187319884726,0.04845562698588646,0.10708835000847894,0.11157024793388426,-0.00448189792540532,0.3256807261078484,0.2670753064798599,0.058605419627988486,0.9172545945475132,0.9448539835554295,-0.027599389007916253,0.14025760071888574,0.13933626159102,0.000921339127865739,1.0066123428125986
CCHS 2019-20 (diabetes),0.23,0.3403846153846154,0.38760806916426516,-0.04722345377964976,0.9119043581482109,0.9073580378565715,0.004546320291639372,0.6596153846153846,0.6123919308357348,0.04722345377964976,0.08809564185178909,0.09264196214342846,-0.004546320291639372,0.3382165605095541,0.279045643153527,0.05917091735602714,0.9126782077393075,0.941233407079646,-0.028555199340338455,0.11756776995656731,0.11761835041483651,-5.0580458269194883e-05,0.9995699611660017
CCHS 2019-20 (diabetes),0.24,0.2916666666666667,0.32060518731988474,-0.02893852065321806,0.9286077666610141,0.926019728072514,0.0025880385885000967,0.7083333333333333,0.6793948126801153,0.028938520653218003,0.07139223333898592,0.07398027192748602,-0.0025880385885000967,0.3508095605242868,0.2861736334405145,0.0646359270837723,0.9083519946918802,0.9364426770910561,-0.028090682399175892,0.09712445709150816,0.09486334797462177,0.0022611091168863867,1.0238354344977503
CCHS 2019-20 (diabetes),0.25,0.2794871794871795,0.29827089337175794,-0.018783713884578446,0.9347973545870781,0.9325513196480938,0.0022460349389843426,0.7205128205128205,0.7017291066282421,0.018783713884578446,0.06520264541292187,0.06744868035190621,-0.0022460349389843426,0.36182572614107883,0.2903225806451613,0.07150314549591752,0.9074820972919582,0.9349191500734999,-0.027437052781541738,0.09023513553991314,0.08699365544167886,0.003241480098234273,1.0372611092358037
CCHS 2019-20 (diabetes),0.26,0.2641025641025641,0.2838616714697406,-0.01975910736717651,0.9407325758860438,0.9390162623300453,0.0017163135559984388,0.735897435897436,0.7161383285302594,0.019759107367176565,0.059267424113956246,0.060983737669954685,-0.0017163135559984388,0.3708370837083708,0.3009931245225363,0.06984395918583453,0.906232132647227,0.9340979911158258,-0.027865858468598792,0.08319604612850082,0.07985602733040507,0.0033400187980957424,1.041825506599225
CCHS 2019-20 (diabetes),0.27,0.258974358974359,0.276657060518732,-0.017682701544373014,0.9437001865355266,0.9415489202879233,0.0021512662476033118,0.7410256410256411,0.723342939481268,0.017682701544373014,0.056299813464473436,0.05845107971207675,-0.0021512662476033118,0.3782771535580524,0.3045202220459952,0.0737569315120572,0.9059091649031418,0.9336461568964378,-0.027736991993296045,0.07997603714242923,0.07692776964372865,0.003048267498700588,1.039625060141713
CCHS 2019-20 (diabetes),0.28,0.24871794871794872,0.26368876080691644,-0.014970812088967722,0.947939630320502,0.9462143428419089,0.0017252874785931294,0.7512820512820513,0.7363112391930835,0.014970812088967778,0.05206036967949801,0.05378565715809114,-0.0017252874785931294,0.3872255489021956,0.31202046035805625,0.07520508854413938,0.9051165803108808,0.9328470990209606,-0.02773051871007981,0.07503369776845889,0.0715592972181552,0.003474400550303694,1.0485527483551391
CCHS 2019-20 (diabetes),0.29,0.23974358974358975,0.25864553314121036,-0.018901943397620607,0.9496354078344921,0.949146894161557,0.0004885136729351203,0.7602564102564102,0.7413544668587897,0.018901943397620524,0.050364592165507927,0.05085310583844305,-0.0004885136729351203,0.38636363636363635,0.31996434937611407,0.06639928698752229,0.9042467301792346,0.9326129666011788,-0.028366236421944135,0.07248764415156507,0.06844802342606149,0.0040396207255035815,1.0590173466421164
CCHS 2019-20 (diabetes),0.3,0.23205128205128206,0.25,-0.01794871794871794,0.9520094963540784,0.9525459877366036,-0.000536491382525206,0.7679487179487179,0.75,0.017948717948717885,0.04799050364592161,0.047454012263396406,0.000536491382525206,0.3900862068965517,0.3276676109537299,0.062418595942821786,0.9035892483502334,0.9321072197221679,-0.02851797137193457,0.0694922869552194,0.06460468521229869,0.004887601742920716,1.0756539827856055
CCHS 2019-20 (diabetes),0.31,0.2108974358974359,0.2276657060518732,-0.016768270154437298,0.9569272511446498,0.9573447080778459,-0.0004174569331960587,0.7891025641025641,0.7723342939481268,0.01676827015443727,0.043072748855350174,0.042655291922154115,0.0004174569331960587,0.3930704898446834,0.3305439330543933,0.06252655679029012,0.9016537508987776,0.9305519564654056,-0.02889820556662792,0.06267784933353303,0.05832113225963885,0.0043567170738941785,1.0747022032168132
CCHS 2019-20 (diabetes),0.32,0.1391025641025641,0.16210374639769454,-0.02300118229513043,0.9732067152789554,0.9704078912290056,0.0027988240499497996,0.860897435897436,0.8378962536023055,0.023001182295130485,0.026793284721044586,0.029592108770994385,-0.0027988240499497996,0.4071294559099437,0.336322869955157,0.07080658595478673,0.895249980500741,0.9260319277491573,-0.03078194724841632,0.039913134641305976,0.040812591508052706,-0.0008994568667467298,0.977961290045273
CCHS 2019-20 (diabetes),0.33,0.1326923076923077,0.15417867435158503,-0.021486366659277334,0.974478548414448,0.9716075713143162,0.002870977100131844,0.8673076923076923,0.845821325648415,0.02148636665927739,0.02552145158555197,0.028392428685683813,-0.002870977100131844,0.4074803149606299,0.334375,0.07310531496062994,0.8946753853339561,0.925469781615033,-0.03079439628107694,0.03804103639358994,0.03904343582235237,-0.0010023994287624294,0.9743260446308223
CCHS 2019-20 (diabetes),0.34,0.125,0.1505763688760807,-0.025576368876080696,0.9764286925555367,0.9729405491868836,0.003488143368653107,0.875,0.8494236311239193,0.025576368876080724,0.02357130744446334,0.027059450813116448,-0.003488143368653107,0.41226215644820297,0.33983739837398375,0.07242475807421922,0.8940299666174987,0.9252709640616087,-0.03124099744411002,0.03542009884678748,0.037518301610541725,-0.0020982027637542477,0.9440752199943746
CCHS 2019-20 (diabetes),0.35,0.11987179487179488,0.14913544668587897,-0.029263651814084093,0.9776157368153299,0.9733404425486537,0.004275294266676166,0.8801282051282051,0.850864553314121,0.02926365181408408,0.022384263184670128,0.026659557451346294,-0.004275294266676166,0.4146341463414634,0.34102141680395387,0.07361272953750952,0.8935906378361621,0.9251821349382325,-0.03159149710207043,0.03377265238879736,0.03703025866276232,-0.003257606273964958,0.9120285304071934
CCHS 2019-20 (diabetes),0.36,0.11153846153846154,0.13976945244956773,-0.028230990911106188,0.9797354587078175,0.9755398560383898,0.004195602669427756,0.8884615384615384,0.8602305475504323,0.028230990911106146,0.02026454129218247,0.024460143961610226,-0.004195602669427756,0.4213075060532688,0.34581105169340465,0.07549645435986413,0.892898539525539,0.9245783589160508,-0.03167981939051179,0.030927063052268982,0.034224011713030744,-0.003296948660761762,0.9036656284363515
CCHS 2019-20 (diabetes),0.37,0.10064102564102564,0.13328530259365995,-0.032644276952634305,0.9813464473461082,0.9774726739536124,0.0038737733924958384,0.8993589743589744,0.86671469740634,0.03264427695263439,0.018653552653891792,0.02252732604638763,-0.0038737733924958384,0.41644562334217505,0.35372848948374763,0.06271713385842742,0.891885643831394,0.9241918205305942,-0.03230617669920022,0.028231241575557887,0.03190580771107857,-0.0036745661355206856,0.8848308067046748
CCHS 2019-20 (diabetes),0.38,0.09423076923076923,0.12536023054755044,-0.03112946131678121,0.984314057995591,0.9790055985070648,0.005308459488526207,0.9057692307692308,0.8746397694524496,0.031129461316781182,0.01568594200440898,0.02099440149293519,-0.005308459488526207,0.4427710843373494,0.3558282208588957,0.0869428634784537,0.8914913223775149,0.9236622021002326,-0.032170879722717705,0.024861464729669012,0.029831625183016106,-0.004970160453347094,0.833392903576144
CCHS 2019-20 (diabetes),0.39,0.08974358974358974,0.12247838616714697,-0.03273479642355723,0.984822791249788,0.9800719808051186,0.004750810444669407,0.9102564102564102,0.877521613832853,0.032734796423557255,0.015177208750212001,0.019928019194881408,-0.004750810444669407,0.438871473354232,0.3624733475479744,0.0763981258062576,0.8910625239739164,0.9235068768448157,-0.03244435287089931,0.023887973640856673,0.028611517813567595,-0.004723544172710922,0.834907598978513
CCHS 2019-20 (diabetes),0.4,0.08461538461538462,0.11743515850144093,-0.03281977388605631,0.9855011022553841,0.9808051186350306,0.0046959836203535055,0.9153846153846154,0.8825648414985591,0.03281977388605628,0.01449889774461588,0.019194881364969385,-0.0046959836203535055,0.43564356435643564,0.3614190687361419,0.07422449562029376,0.8905830970806835,0.9231541308575372,-0.032571033776853664,0.022689830762318407,0.027513421181063934,-0.004823590418745527,0.8246822746251071
CCHS 2019-20 (diabetes),0.41,0.07051282051282051,0.10230547550432277,-0.03179265499150226,0.9884687129048669,0.9839376166355639,0.0045310962693030366,0.9294871794871795,0.8976945244956772,0.0317926549915023,0.01153128709513307,0.016062383364436106,-0.0045310962693030366,0.44715447154471544,0.370757180156658,0.07639729138805745,0.8893805309734514,0.9221687800612156,-0.03278824908776423,0.018421446757525835,0.023365056124938995,-0.0049436093674131605,0.7884186821132205
CCHS 2019-20 (diabetes),0.42,0.035897435897435895,0.05763688760806916,-0.021739451710633267,0.9944039342038324,0.9926019728072514,0.0018019613965810644,0.9641025641025641,0.9423631123919308,0.021739451710633295,0.00559606579616756,0.007398027192748624,-0.0018019613965810644,0.45901639344262296,0.418848167539267,0.04016822590335595,0.8863361547762999,0.9192642429479662,-0.03292808817166626,0.009135839448854276,0.011652025378233285,-0.0025161859293790084,0.7840559175163314
CCHS 2019-20 (diabetes),0.43,0.020512820512820513,0.03962536023054755,-0.01911253971772704,0.9965236560963202,0.9950679818715009,0.0014556742248192922,0.9794871794871794,0.9603746397694525,0.019112539717726973,0.0034763439036797905,0.004932018128499083,-0.0014556742248192922,0.4383561643835616,0.4263565891472868,0.011999575236274818,0.8849484225585422,0.9180348029268892,-0.03308638036834699,0.0054665268833308375,0.0078696925329429,-0.0024031656496120617,0.6946302997795278
CCHS 2019-20 (diabetes),0.44,0.013461538461538462,0.030979827089337175,-0.017518288627798712,0.9974563337290148,0.9963343108504399,0.0011220228785748798,0.9865384615384616,0.9690201729106628,0.017518288627798806,0.0025436662709852342,0.003665689149560114,-0.0011220228785748798,0.4117647058823529,0.4387755102040816,-0.0270108043217287,0.8843118093663084,0.9174542776482141,-0.0331424682819057,0.0038190804253407217,0.005978526110297706,-0.0021594456849569846,0.6387996564508684
CCHS 2019-20 (diabetes),0.45,0.0038461538461538464,0.00792507204610951,-0.004078918199955664,0.9994064778701034,0.9990669154892029,0.0003395623809004933,0.9961538461538462,0.9920749279538905,0.00407891819995565,0.0005935221298966065,0.0009330845107970998,-0.0003395623809004933,0.46153846153846156,0.44,0.021538461538461562,0.8835169777378008,0.9158672939451336,-0.03235031620733275,0.0009734910888123409,0.0015251342118106394,-0.0005516431229982985,0.6382986371124757
CCHS 2019-20 (diabetes),0.46,0.0019230769230769232,0.007204610951008645,-0.005281534027931722,0.9997456333729015,0.9995334577446015,0.00021217562830000425,0.9980769230769231,0.9927953890489913,0.005281534027931745,0.00025436662709854563,0.0004665422553985499,-0.00021217562830000425,0.5,0.5882352941176471,-0.08823529411764708,0.8833533113575067,0.9158473282442748,-0.03249401688676812,0.00044930357945184964,0.0010370912640312348,-0.0005877876845793851,0.4332343690808658
CCHS 2019-20 (diabetes),0.47,0.001282051282051282,0.006484149855907781,-0.005202098573856499,0.9999152111243005,0.9995334577446015,0.00038175337969903467,0.9987179487179487,0.9935158501440923,0.005202098573856451,8.478887569951521e-05,0.0004665422553985499,-0.00038175337969903467,0.6666666666666666,0.5625,0.10416666666666663,0.8833046213766759,0.9157914020517831,-0.03248678067510724,0.00022465178972592482,0.0009760858955588092,-0.0007514341058328844,0.23015575857420997
CCHS 2019-20 (diabetes),0.48,0.001282051282051282,0.004322766570605188,-0.003040715288553906,0.9999152111243005,0.9995334577446015,0.00038175337969903467,0.9987179487179487,0.9956772334293948,0.0030407152885538746,8.478887569951521e-05,0.0004665422553985499,-0.00038175337969903467,0.6666666666666666,0.46153846153846156,0.20512820512820507,0.8833046213766759,0.9156236644483791,-0.03231904307170319,0.00022465178972592482,0.0007930697901415325,-0.0005684180004156077,0.2832686259374892
CCHS 2019-20 (diabetes),0.49,0.001282051282051282,0.0036023054755043226,-0.002320254193453041,0.9999152111243005,0.9995334577446015,0.00038175337969903467,0.9987179487179487,0.9963976945244957,0.002320254193453053,8.478887569951521e-05,0.0004665422553985499,-0.00038175337969903467,0.6666666666666666,0.4166666666666667,0.24999999999999994,0.8833046213766759,0.9155677655677655,-0.032263144191089665,0.00022465178972592482,0.0007320644216691069,-0.0005074126319431821,0.3068743447656133
CCHS 2019-20 (diabetes),0.5,0.001282051282051282,0.0036023054755043226,-0.002320254193453041,0.9999152111243005,0.9996667555318581,0.0002484555924423537,0.9987179487179487,0.9963976945244957,0.002320254193453053,8.478887569951521e-05,0.0003332444681418689,-0.0002484555924423537,0.6666666666666666,0.5,0.16666666666666663,0.8833046213766759,0.9155780734952997,-0.03227345211862387,0.00022465178972592482,0.0006100536847242558,-0.00038540189499833093,0.368249213718736
CCHS 2019-20 (diabetes),0.51,0.001282051282051282,0.001440922190201729,-0.00015887090815044696,0.9999152111243005,0.9998000533191149,0.00011515780518556173,0.9987179487179487,0.9985590778097982,0.00015887090815047689,8.478887569951521e-05,0.00019994668088507694,-0.00011515780518556173,0.6666666666666666,0.4,0.2666666666666666,0.8833046213766759,0.915420760358821,-0.03211613898214516,0.00022465178972592482,0.0003050268423621279,-8.037505263620306e-05,0.736498427437472
CCHS 2019-20 (diabetes),0.52,0.001282051282051282,0.001440922190201729,-0.00015887090815044696,0.9999152111243005,0.9998000533191149,0.00011515780518556173,0.9987179487179487,0.9985590778097982,0.00015887090815047689,8.478887569951521e-05,0.00019994668088507694,-0.00011515780518556173,0.6666666666666666,0.4,0.2666666666666666,0.8833046213766759,0.915420760358821,-0.03211613898214516,0.00022465178972592482,0.0003050268423621279,-8.037505263620306e-05,0.736498427437472
CCHS 2019-20 (diabetes),0.53,0.001282051282051282,0.001440922190201729,-0.00015887090815044696,0.9999152111243005,0.9998667022127433,4.8508911557165746e-05,0.9987179487179487,0.9985590778097982,0.00015887090815047689,8.478887569951521e-05,0.00013329778725668096,-4.8508911557165746e-05,0.6666666666666666,0.5,0.16666666666666663,0.8833046213766759,0.9154259214059067,-0.03212130002923086,0.00022465178972592482,0.0002440214738897023,-1.936968416377748e-05,0.9206230342968399
CCHS 2019-20 (diabetes),0.54,0.0,0.0,0.0,1.0,1.0,0.0,1.0,1.0,0.0,0.0,0.0,0.0,,,,0.883181069342519,0.9153245485602733,-0.03214347921775429,0.0,0.0,0.0,
CCHS 2019-20 (diabetes),0.55,0.0,0.0,0.0,1.0,1.0,0.0,1.0,1.0,0.0,0.0,0.0,0.0,,,,0.883181069342519,0.9153245485602733,-0.03214347921775429,0.0,0.0,0.0,
CCHS 2019-20 (diabetes),0.56,0.0,0.0,0.0,1.0,1.0,0.0,1.0,1.0,0.0,0.0,0.0,0.0,,,,0.883181069342519,0.9153245485602733,-0.03214347921775429,0.0,0.0,0.0,
CCHS 2019-20 (diabetes),0.57,0.0,0.0,0.0,1.0,1.0,0.0,1.0,1.0,0.0,0.0,0.0,0.0,,,,0.883181069342519,0.9153245485602733,-0.03214347921775429,0.0,0.0,0.0,
CCHS 2019-20 (diabetes),0.58,0.0,0.0,0.0,1.0,1.0,0.0,1.0,1.0,0.0,0.0,0.0,0.0,,,,0.883181069342519,0.9153245485602733,-0.03214347921775429,0.0,0.0,0.0,
CCHS 2019-20 (diabetes),0.59,0.0,0.0,0.0,1.0,1.0,0.0,1.0,1.0,0.0,0.0,0.0,0.0,,,,0.883181069342519,0.9153245485602733,-0.03214347921775429,0.0,0.0,0.0,
CCHS 2019-20 (diabetes),0.6,0.0,0.0,0.0,1.0,1.0,0.0,1.0,1.0,0.0,0.0,0.0,0.0,,,,0.883181069342519,0.9153245485602733,-0.03214347921775429,0.0,0.0,0.0,
CCHS 2019-20 (diabetes),0.61,0.0,0.0,0.0,1.0,1.0,0.0,1.0,1.0,0.0,0.0,0.0,0.0,,,,0.883181069342519,0.9153245485602733,-0.03214347921775429,0.0,0.0,0.0,
CCHS 2019-20 (diabetes),0.62,0.0,0.0,0.0,1.0,1.0,0.0,1.0,1.0,0.0,0.0,0.0,0.0,,,,0.883181069342519,0.9153245485602733,-0.03214347921775429,0.0,0.0,0.0,
CCHS 2019-20 (diabetes),0.63,0.0,0.0,0.0,1.0,1.0,0.0,1.0,1.0,0.0,0.0,0.0,0.0,,,,0.883181069342519,0.9153245485602733,-0.03214347921775429,0.0,0.0,0.0,
CCHS 2019-20 (diabetes),0.64,0.0,0.0,0.0,1.0,1.0,0.0,1.0,1.0,0.0,0.0,0.0,0.0,,,,0.883181069342519,0.9153245485602733,-0.03214347921775429,0.0,0.0,0.0,
CCHS 2019-20 (diabetes),0.65,0.0,0.0,0.0,1.0,1.0,0.0,1.0,1.0,0.0,0.0,0.0,0.0,,,,0.883181069342519,0.9153245485602733,-0.03214347921775429,0.0,0.0,0.0,
CCHS 2019-20 (diabetes),0.66,0.0,0.0,0.0,1.0,1.0,0.0,1.0,1.0,0.0,0.0,0.0,0.0,,,,0.883181069342519,0.9153245485602733,-0.03214347921775429,0.0,0.0,0.0,
CCHS 2019-20 (diabetes),0.67,0.0,0.0,0.0,1.0,1.0,0.0,1.0,1.0,0.0,0.0,0.0,0.0,,,,0.883181069342519,0.9153245485602733,-0.03214347921775429,0.0,0.0,0.0,
CCHS 2019-20 (diabetes),0.68,0.0,0.0,0.0,1.0,1.0,0.0,1.0,1.0,0.0,0.0,0.0,0.0,,,,0.883181069342519,0.9153245485602733,-0.03214347921775429,0.0,0.0,0.0,
CCHS 2019-20 (diabetes),0.69,0.0,0.0,0.0,1.0,1.0,0.0,1.0,1.0,0.0,0.0,0.0,0.0,,,,0.883181069342519,0.9153245485602733,-0.03214347921775429,0.0,0.0,0.0,
CCHS 2019-20 (diabetes),0.7,0.0,0.0,0.0,1.0,1.0,0.0,1.0,1.0,0.0,0.0,0.0,0.0,,,,0.883181069342519,0.9153245485602733,-0.03214347921775429,0.0,0.0,0.0,
CCHS 2019-20 (diabetes),0.71,0.0,0.0,0.0,1.0,1.0,0.0,1.0,1.0,0.0,0.0,0.0,0.0,,,,0.883181069342519,0.9153245485602733,-0.03214347921775429,0.0,0.0,0.0,
CCHS 2019-20 (diabetes),0.72,0.0,0.0,0.0,1.0,1.0,0.0,1.0,1.0,0.0,0.0,0.0,0.0,,,,0.883181069342519,0.9153245485602733,-0.03214347921775429,0.0,0.0,0.0,
CCHS 2019-20 (diabetes),0.73,0.0,0.0,0.0,1.0,1.0,0.0,1.0,1.0,0.0,0.0,0.0,0.0,,,,0.883181069342519,0.9153245485602733,-0.03214347921775429,0.0,0.0,0.0,
CCHS 2019-20 (diabetes),0.74,0.0,0.0,0.0,1.0,1.0,0.0,1.0,1.0,0.0,0.0,0.0,0.0,,,,0.883181069342519,0.9153245485602733,-0.03214347921775429,0.0,0.0,0.0,
CCHS 2019-20 (diabetes),0.75,0.0,0.0,0.0,1.0,1.0,0.0,1.0,1.0,0.0,0.0,0.0,0.0,,,,0.883181069342519,0.9153245485602733,-0.03214347921775429,0.0,0.0,0.0,
CCHS 2019-20 (diabetes),0.76,0.0,0.0,0.0,1.0,1.0,0.0,1.0,1.0,0.0,0.0,0.0,0.0,,,,0.883181069342519,0.9153245485602733,-0.03214347921775429,0.0,0.0,0.0,
CCHS 2019-20 (diabetes),0.77,0.0,0.0,0.0,1.0,1.0,0.0,1.0,1.0,0.0,0.0,0.0,0.0,,,,0.883181069342519,0.9153245485602733,-0.03214347921775429,0.0,0.0,0.0,
CCHS 2019-20 (diabetes),0.78,0.0,0.0,0.0,1.0,1.0,0.0,1.0,1.0,0.0,0.0,0.0,0.0,,,,0.883181069342519,0.9153245485602733,-0.03214347921775429,0.0,0.0,0.0,
CCHS 2019-20 (diabetes),0.79,0.0,0.0,0.0,1.0,1.0,0.0,1.0,1.0,0.0,0.0,0.0,0.0,,,,0.883181069342519,0.9153245485602733,-0.03214347921775429,0.0,0.0,0.0,
CCHS 2019-20 (diabetes),0.8,0.0,0.0,0.0,1.0,1.0,0.0,1.0,1.0,0.0,0.0,0.0,0.0,,,,0.883181069342519,0.9153245485602733,-0.03214347921775429,0.0,0.0,0.0,
CCHS 2019-20 (diabetes),0.81,0.0,0.0,0.0,1.0,1.0,0.0,1.0,1.0,0.0,0.0,0.0,0.0,,,,0.883181069342519,0.9153245485602733,-0.03214347921775429,0.0,0.0,0.0,
CCHS 2019-20 (diabetes),0.82,0.0,0.0,0.0,1.0,1.0,0.0,1.0,1.0,0.0,0.0,0.0,0.0,,,,0.883181069342519,0.9153245485602733,-0.03214347921775429,0.0,0.0,0.0,
CCHS 2019-20 (diabetes),0.83,0.0,0.0,0.0,1.0,1.0,0.0,1.0,1.0,0.0,0.0,0.0,0.0,,,,0.883181069342519,0.9153245485602733,-0.03214347921775429,0.0,0.0,0.0,
CCHS 2019-20 (diabetes),0.84,0.0,0.0,0.0,1.0,1.0,0.0,1.0,1.0,0.0,0.0,0.0,0.0,,,,0.883181069342519,0.9153245485602733,-0.03214347921775429,0.0,0.0,0.0,
CCHS 2019-20 (diabetes),0.85,0.0,0.0,0.0,1.0,1.0,0.0,1.0,1.0,0.0,0.0,0.0,0.0,,,,0.883181069342519,0.9153245485602733,-0.03214347921775429,0.0,0.0,0.0,
CCHS 2019-20 (diabetes),0.86,0.0,0.0,0.0,1.0,1.0,0.0,1.0,1.0,0.0,0.0,0.0,0.0,,,,0.883181069342519,0.9153245485602733,-0.03214347921775429,0.0,0.0,0.0,
CCHS 2019-20 (diabetes),0.87,0.0,0.0,0.0,1.0,1.0,0.0,1.0,1.0,0.0,0.0,0.0,0.0,,,,0.883181069342519,0.9153245485602733,-0.03214347921775429,0.0,0.0,0.0,
CCHS 2019-20 (diabetes),0.88,0.0,0.0,0.0,1.0,1.0,0.0,1.0,1.0,0.0,0.0,0.0,0.0,,,,0.883181069342519,0.9153245485602733,-0.03214347921775429,0.0,0.0,0.0,
CCHS 2019-20 (diabetes),0.89,0.0,0.0,0.0,1.0,1.0,0.0,1.0,1.0,0.0,0.0,0.0,0.0,,,,0.883181069342519,0.9153245485602733,-0.03214347921775429,0.0,0.0,0.0,
CCHS 2019-20 (diabetes),0.9,0.0,0.0,0.0,1.0,1.0,0.0,1.0,1.0,0.0,0.0,0.0,0.0,,,,0.883181069342519,0.9153245485602733,-0.03214347921775429,0.0,0.0,0.0,
CCHS 2019-20 (diabetes),0.91,0.0,0.0,0.0,1.0,1.0,0.0,1.0,1.0,0.0,0.0,0.0,0.0,,,,0.883181069342519,0.9153245485602733,-0.03214347921775429,0.0,0.0,0.0,
CCHS 2019-20 (diabetes),0.92,0.0,0.0,0.0,1.0,1.0,0.0,1.0,1.0,0.0,0.0,0.0,0.0,,,,0.883181069342519,0.9153245485602733,-0.03214347921775429,0.0,0.0,0.0,
CCHS 2019-20 (diabetes),0.93,0.0,0.0,0.0,1.0,1.0,0.0,1.0,1.0,0.0,0.0,0.0,0.0,,,,0.883181069342519,0.9153245485602733,-0.03214347921775429,0.0,0.0,0.0,
CCHS 2019-20 (diabetes),0.94,0.0,0.0,0.0,1.0,1.0,0.0,1.0,1.0,0.0,0.0,0.0,0.0,,,,0.883181069342519,0.9153245485602733,-0.03214347921775429,0.0,0.0,0.0,
CCHS 2019-20 (diabetes),0.95,0.0,0.0,0.0,1.0,1.0,0.0,1.0,1.0,0.0,0.0,0.0,0.0,,,,0.883181069342519,0.9153245485602733,-0.03214347921775429,0.0,0.0,0.0,
CCHS 2019-20 (diabetes),0.96,0.0,0.0,0.0,1.0,1.0,0.0,1.0,1.0,0.0,0.0,0.0,0.0,,,,0.883181069342519,0.9153245485602733,-0.03214347921775429,0.0,0.0,0.0,
CCHS 2019-20 (diabetes),0.97,0.0,0.0,0.0,1.0,1.0,0.0,1.0,1.0,0.0,0.0,0.0,0.0,,,,0.883181069342519,0.9153245485602733,-0.03214347921775429,0.0,0.0,0.0,
CCHS 2019-20 (diabetes),0.98,0.0,0.0,0.0,1.0,1.0,0.0,1.0,1.0,0.0,0.0,0.0,0.0,,,,0.883181069342519,0.9153245485602733,-0.03214347921775429,0.0,0.0,0.0,
CCHS 2019-20 (diabetes),0.99,0.0,0.0,0.0,1.0,1.0,0.0,1.0,1.0,0.0,0.0,0.0,0.0,,,,0.883181069342519,0.9153245485602733,-0.03214347921775429,0.0,0.0,0.0,
